recording id,timestamp [ns],gaze x [px],gaze y [px],worn,fixation id,blink id,azimuth [deg],elevation [deg]
92dd4baf-ea37-401c-98e7-3a8fe37d8baa,1746606989871335294,823.1407,1167.5542,255,,,1.0253206,-35.551773
92dd4baf-ea37-401c-98e7-3a8fe37d8baa,1746606989886335294,814.31396,1157.4803,255,,,0.37038064,-34.901344
92dd4baf-ea37-401c-98e7-3a8fe37d8baa,1746606989891348294,801.47375,1151.1942,255,,,-0.5730392,-34.49534
92dd4baf-ea37-401c-98e7-3a8fe37d8baa,1746606989896336294,805.05566,1179.3344,255,,,-0.31908593,-36.319187
92dd4baf-ea37-401c-98e7-3a8fe37d8baa,1746606989901461294,881.18384,1155.0344,255,,,5.2888,-34.694847
92dd4baf-ea37-401c-98e7-3a8fe37d8baa,1746606989906461294,831.42804,1195.593,255,,,1.663308,-37.368988
92dd4baf-ea37-401c-98e7-3a8fe37d8baa,1746606989911346294,859.7282,1177.963,255,,,3.757683,-36.20324
92dd4baf-ea37-401c-98e7-3a8fe37d8baa,1746606989916461294,888.2531,1175.1171,255,,,5.8732996,-35.984577
92dd4baf-ea37-401c-98e7-3a8fe37d8baa,1746606989921461294,870.3603,1184.0072,255,,,4.565701,-36.58407
92dd4baf-ea37-401c-98e7-3a8fe37d8baa,1746606989926461294,821.7876,1193.3849,255,,,0.9356607,-37.229317
92dd4baf-ea37-401c-98e7-3a8fe37d8baa,1746606989931461294,923.84265,1184.373,255,,,8.564401,-36.52137
92dd4baf-ea37-401c-98e7-3a8fe37d8baa,1746606989936462294,926.4015,1182.8804,255,,,8.747806,-36.419456
92dd4baf-ea37-401c-98e7-3a8fe37d8baa,1746606989941462294,962.3624,1176.0248,255,,,11.383855,-35.890697
92dd4baf-ea37-401c-98e7-3a8fe37d8baa,1746606989946462294,998.9595,1151.928,255,,,13.909031,-34.236088
92dd4baf-ea37-401c-98e7-3a8fe37d8baa,1746606989951467294,985.0681,1166.8285,255,,,12.999865,-35.234573
92dd4baf-ea37-401c-98e7-3a8fe37d8baa,1746606989956468294,982.57837,1167.5737,255,,,12.821583,-35.289856
92dd4baf-ea37-401c-98e7-3a8fe37d8baa,1746606989961472294,968.1201,1154.8213,255,,,11.670859,-34.510586
92dd4baf-ea37-401c-98e7-3a8fe37d8baa,1746606989966462294,932.52924,1120.8429,255,,,8.90169,-32.40855
92dd4baf-ea37-401c-98e7-3a8fe37d8baa,1746606989971473294,922.6583,1144.5026,255,,,8.289179,-33.94961
92dd4baf-ea37-401c-98e7-3a8fe37d8baa,1746606989976462294,881.0212,1121.2863,255,,,5.186948,-32.517776
92dd4baf-ea37-401c-98e7-3a8fe37d8baa,1746606989981463294,939.0687,1115.7706,255,,,9.349887,-32.069828
92dd4baf-ea37-401c-98e7-3a8fe37d8baa,1746606989986464294,925.2586,1091.2936,255,,1,8.26194,-30.525534
92dd4baf-ea37-401c-98e7-3a8fe37d8baa,1746606989991463294,897.1487,1048.4385,255,,1,6.1521626,-27.820889
92dd4baf-ea37-401c-98e7-3a8fe37d8baa,1746606989996463294,803.6712,1029.3564,255,,1,-0.37701958,-26.653938
92dd4baf-ea37-401c-98e7-3a8fe37d8baa,1746606990001463294,709.3062,995.68134,255,,1,-6.842483,-24.441912
92dd4baf-ea37-401c-98e7-3a8fe37d8baa,1746606990006463294,626.7499,956.95087,255,,1,-12.345744,-21.846317
92dd4baf-ea37-401c-98e7-3a8fe37d8baa,1746606990011463294,690.5408,845.84863,255,,1,-7.8125954,-14.834337
92dd4baf-ea37-401c-98e7-3a8fe37d8baa,1746606990016466294,787.9985,844.881,255,,1,-1.3828195,-14.819276
92dd4baf-ea37-401c-98e7-3a8fe37d8baa,1746606990021468294,777.89545,836.89166,255,,1,-2.0461607,-14.304013
92dd4baf-ea37-401c-98e7-3a8fe37d8baa,1746606990026464294,798.9058,807.8703,255,,1,-0.6579794,-12.439139
92dd4baf-ea37-401c-98e7-3a8fe37d8baa,1746606990031479294,786.52325,897.76434,255,,1,-1.4986049,-18.215614
92dd4baf-ea37-401c-98e7-3a8fe37d8baa,1746606990036464294,797.8766,837.58417,255,,1,-0.7299013,-14.350971
92dd4baf-ea37-401c-98e7-3a8fe37d8baa,1746606990041475294,799.18176,860.3646,255,,1,-0.6474472,-15.815371
92dd4baf-ea37-401c-98e7-3a8fe37d8baa,1746606990046589294,839.6488,804.1152,255,,1,2.01188,-12.193758
92dd4baf-ea37-401c-98e7-3a8fe37d8baa,1746606990051589294,778.90594,852.75116,255,,1,-1.9859184,-15.323672
92dd4baf-ea37-401c-98e7-3a8fe37d8baa,1746606990056589294,736.0517,885.8879,255,,1,-4.8517356,-17.434454
92dd4baf-ea37-401c-98e7-3a8fe37d8baa,1746606990061598294,736.3251,965.5157,255,,1,-4.9395514,-22.536337
92dd4baf-ea37-401c-98e7-3a8fe37d8baa,1746606990066593294,812.32184,1047.9778,255,,1,0.22359306,-27.848106
92dd4baf-ea37-401c-98e7-3a8fe37d8baa,1746606990071590294,874.03937,1049.6992,255,,1,4.540122,-27.926573
92dd4baf-ea37-401c-98e7-3a8fe37d8baa,1746606990076590294,913.1295,1105.617,255,,1,7.448239,-31.465027
92dd4baf-ea37-401c-98e7-3a8fe37d8baa,1746606990081590294,973.7642,1069.3439,255,,1,11.595925,-29.023064
92dd4baf-ea37-401c-98e7-3a8fe37d8baa,1746606990086597294,1001.9934,1085.154,255,,1,13.673163,-29.960371
92dd4baf-ea37-401c-98e7-3a8fe37d8baa,1746606990091590294,878.5826,1082.8026,255,,1,4.9237194,-30.045856
92dd4baf-ea37-401c-98e7-3a8fe37d8baa,1746606990096590294,1079.9363,1112.8938,255,,1,19.429667,-31.46205
92dd4baf-ea37-401c-98e7-3a8fe37d8baa,1746606990106590294,970.2143,1164.8813,255,,1,11.8906,-35.15189
92dd4baf-ea37-401c-98e7-3a8fe37d8baa,1746606990116590294,969.50555,1193.9325,255,,1,12.0418415,-37.025578
92dd4baf-ea37-401c-98e7-3a8fe37d8baa,1746606990121590294,916.061,1180.5294,255,,1,7.965093,-36.28823
92dd4baf-ea37-401c-98e7-3a8fe37d8baa,1746606990126591294,933.0741,1184.4341,255,,1,9.254175,-36.505455
92dd4baf-ea37-401c-98e7-3a8fe37d8baa,1746606990131591294,984.3183,1170.1276,255,,1,12.968876,-35.44884
92dd4baf-ea37-401c-98e7-3a8fe37d8baa,1746606990136591294,960.3457,1172.8019,255,,,11.213237,-35.68834
92dd4baf-ea37-401c-98e7-3a8fe37d8baa,1746606990141591294,957.4688,1119.795,255,,,10.6935215,-32.288113
92dd4baf-ea37-401c-98e7-3a8fe37d8baa,1746606990146591294,860.05066,1139.3467,255,,,3.7050428,-33.70419
92dd4baf-ea37-401c-98e7-3a8fe37d8baa,1746606990151605294,908.46735,1154.8589,255,,,7.293057,-34.64299
92dd4baf-ea37-401c-98e7-3a8fe37d8baa,1746606990156591294,915.5347,1129.721,255,,,7.7101493,-33.01069
92dd4baf-ea37-401c-98e7-3a8fe37d8baa,1746606990161592294,928.4115,1136.1969,255,,,8.671553,-33.403774
92dd4baf-ea37-401c-98e7-3a8fe37d8baa,1746606990166592294,923.6581,1136.3857,255,,,8.326888,-33.425026
92dd4baf-ea37-401c-98e7-3a8fe37d8baa,1746606990171592294,932.9035,1142.2787,255,,,9.026498,-33.78624
92dd4baf-ea37-401c-98e7-3a8fe37d8baa,1746606990176592294,886.15735,1164.2736,255,,,5.6828604,-35.285683
92dd4baf-ea37-401c-98e7-3a8fe37d8baa,1746606990181717294,895.32983,1160.1887,255,,,6.346229,-35.008358
92dd4baf-ea37-401c-98e7-3a8fe37d8baa,1746606990186717294,937.95074,1155.5149,255,,,9.461246,-34.628056
92dd4baf-ea37-401c-98e7-3a8fe37d8baa,1746606990191722294,923.48303,1128.111,255,,,8.279268,-32.892906
92dd4baf-ea37-401c-98e7-3a8fe37d8baa,1746606990196717294,905.3903,1108.2867,255,,,6.902753,-31.648636
92dd4baf-ea37-401c-98e7-3a8fe37d8baa,1746606990201721294,928.8587,1155.3326,255,,,8.792741,-34.63545
92dd4baf-ea37-401c-98e7-3a8fe37d8baa,1746606990206717294,900.6179,1132.5027,255,,,6.638438,-33.21396
92dd4baf-ea37-401c-98e7-3a8fe37d8baa,1746606990211717294,926.0683,1142.5953,255,,,8.529567,-33.820225
92dd4baf-ea37-401c-98e7-3a8fe37d8baa,1746606990216718294,893.73425,1145.9338,255,,,6.181273,-34.090126
92dd4baf-ea37-401c-98e7-3a8fe37d8baa,1746606990221718294,915.91986,1129.9363,255,,,7.7388906,-33.023872
92dd4baf-ea37-401c-98e7-3a8fe37d8baa,1746606990226718294,854.142,1142.72,255,,,3.279727,-33.92706
92dd4baf-ea37-401c-98e7-3a8fe37d8baa,1746606990231718294,863.65,1139.7236,255,,,3.9682236,-33.72521
92dd4baf-ea37-401c-98e7-3a8fe37d8baa,1746606990236729294,884.7431,1113.8417,255,,,5.4362226,-32.034035
92dd4baf-ea37-401c-98e7-3a8fe37d8baa,1746606990241718294,874.64575,1150.3442,255,,,4.7962475,-34.399643
92dd4baf-ea37-401c-98e7-3a8fe37d8baa,1746606990246722294,862.6057,1124.4285,255,,,3.8628883,-32.73946
92dd4baf-ea37-401c-98e7-3a8fe37d8baa,1746606990251718294,924.77313,1133.2587,255,,,8.39448,-33.22167
92dd4baf-ea37-401c-98e7-3a8fe37d8baa,1746606990256719294,917.721,1133.1324,255,,,7.882154,-33.226437
92dd4baf-ea37-401c-98e7-3a8fe37d8baa,1746606990261719294,906.9935,1119.3524,255,,,7.0549703,-32.357635
92dd4baf-ea37-401c-98e7-3a8fe37d8baa,1746606990266719294,903.3166,1122.2118,255,,,6.7993846,-32.54727
92dd4baf-ea37-401c-98e7-3a8fe37d8baa,1746606990271719294,945.539,1116.5189,255,,,9.818615,-32.10442
92dd4baf-ea37-401c-98e7-3a8fe37d8baa,1746606990276719294,937.6033,1115.7379,255,,,9.244373,-32.07068
92dd4baf-ea37-401c-98e7-3a8fe37d8baa,1746606990281719294,976.00433,1127.0171,255,,,12.071211,-32.7054
92dd4baf-ea37-401c-98e7-3a8fe37d8baa,1746606990286719294,990.6048,1109.552,255,,,13.013265,-31.548704
92dd4baf-ea37-401c-98e7-3a8fe37d8baa,1746606990291719294,966.36847,1100.6385,255,,,11.230722,-31.040216
92dd4baf-ea37-401c-98e7-3a8fe37d8baa,1746606990296719294,956.9164,1125.4911,255,,,10.683931,-32.654785
92dd4baf-ea37-401c-98e7-3a8fe37d8baa,1746606990301719294,924.4028,1134.613,255,,,8.373395,-33.309525
92dd4baf-ea37-401c-98e7-3a8fe37d8baa,1746606990306731294,924.09314,1147.187,255,,,8.405866,-34.11984
92dd4baf-ea37-401c-98e7-3a8fe37d8baa,1746606990311720294,950.6608,1125.9706,255,,,10.234608,-32.699856
92dd4baf-ea37-401c-98e7-3a8fe37d8baa,1746606990316845294,947.46716,1127.445,255,,,10.011281,-32.801613
92dd4baf-ea37-401c-98e7-3a8fe37d8baa,1746606990321845294,922.1578,1109.6055,255,,,8.10975,-31.705975
92dd4baf-ea37-401c-98e7-3a8fe37d8baa,1746606990326845294,912.3185,1125.1356,255,,,7.4600005,-32.72108
92dd4baf-ea37-401c-98e7-3a8fe37d8baa,1746606990331845294,913.1433,1129.6202,255,,,7.536492,-33.008297
92dd4baf-ea37-401c-98e7-3a8fe37d8baa,1746606990336845294,951.64404,1157.7825,255,,,10.479443,-34.742744
92dd4baf-ea37-401c-98e7-3a8fe37d8baa,1746606990341845294,940.9832,1149.0001,255,,,9.649807,-34.201817
92dd4baf-ea37-401c-98e7-3a8fe37d8baa,1746606990346845294,870.36285,1161.3945,255,,,4.5086007,-35.118958
92dd4baf-ea37-401c-98e7-3a8fe37d8baa,1746606990351845294,844.8749,1149.7023,255,,,2.6117275,-34.38516
92dd4baf-ea37-401c-98e7-3a8fe37d8baa,1746606990356845294,859.1341,1140.0508,255,,,3.6395001,-33.750465
92dd4baf-ea37-401c-98e7-3a8fe37d8baa,1746606990361846294,915.8472,1134.634,255,,,7.7520866,-33.326412
92dd4baf-ea37-401c-98e7-3a8fe37d8baa,1746606990366846294,953.78796,1124.854,255,,,10.454669,-32.621117
92dd4baf-ea37-401c-98e7-3a8fe37d8baa,1746606990371846294,939.643,1123.7631,255,,,9.42812,-32.581833
92dd4baf-ea37-401c-98e7-3a8fe37d8baa,1746606990376846294,932.8729,1120.1195,255,,,8.923293,-32.36141
92dd4baf-ea37-401c-98e7-3a8fe37d8baa,1746606990381846294,903.7541,1124.7621,255,,,6.839553,-32.710735
92dd4baf-ea37-401c-98e7-3a8fe37d8baa,1746606990386846294,957.98346,1135.8789,255,,,10.818022,-33.319073
92dd4baf-ea37-401c-98e7-3a8fe37d8baa,1746606990391847294,952.90576,1132.7198,255,,,10.432389,-33.128124
92dd4baf-ea37-401c-98e7-3a8fe37d8baa,1746606990396857294,956.0628,1128.405,255,,,10.637869,-32.843773
92dd4baf-ea37-401c-98e7-3a8fe37d8baa,1746606990401846294,940.95105,1122.3142,255,,,9.515697,-32.486073
92dd4baf-ea37-401c-98e7-3a8fe37d8baa,1746606990406862294,881.44415,1144.7491,255,,,5.2792373,-34.03015
92dd4baf-ea37-401c-98e7-3a8fe37d8baa,1746606990411847294,892.8143,1134.0873,255,,,6.0768123,-33.3274
92dd4baf-ea37-401c-98e7-3a8fe37d8baa,1746606990416849294,919.4904,1063.1179,255,,2,7.757489,-28.729824
92dd4baf-ea37-401c-98e7-3a8fe37d8baa,1746606990421853294,917.0455,1075.1406,255,,2,7.6240273,-29.503738
92dd4baf-ea37-401c-98e7-3a8fe37d8baa,1746606990426847294,914.95447,1080.0583,255,,2,7.492212,-29.82219
92dd4baf-ea37-401c-98e7-3a8fe37d8baa,1746606990431847294,866.02747,1056.6444,255,,2,3.9907222,-28.378984
92dd4baf-ea37-401c-98e7-3a8fe37d8baa,1746606990436847294,849.3107,950.9482,255,,2,2.7238998,-21.617445
92dd4baf-ea37-401c-98e7-3a8fe37d8baa,1746606990441847294,663.16394,794.1825,255,,2,-9.534889,-11.499811
92dd4baf-ea37-401c-98e7-3a8fe37d8baa,1746606990446847294,833.422,707.468,255,,2,1.5890093,-5.963042
92dd4baf-ea37-401c-98e7-3a8fe37d8baa,1746606990451847294,831.9064,711.69885,255,,2,1.49116,-6.2363653
92dd4baf-ea37-401c-98e7-3a8fe37d8baa,1746606990456973294,838.0032,691.42633,255,,2,1.88421,-4.9265947
92dd4baf-ea37-401c-98e7-3a8fe37d8baa,1746606990461974294,800.3539,669.63184,255,,2,-0.55335456,-3.5194733
92dd4baf-ea37-401c-98e7-3a8fe37d8baa,1746606990466973294,847.25775,691.5915,255,,2,2.4834497,-4.9363685
92dd4baf-ea37-401c-98e7-3a8fe37d8baa,1746606990471975294,845.55756,701.13873,255,,2,2.3746586,-5.553094
92dd4baf-ea37-401c-98e7-3a8fe37d8baa,1746606990476973294,846.92926,706.5796,255,,2,2.4643662,-5.90422
92dd4baf-ea37-401c-98e7-3a8fe37d8baa,1746606990481973294,823.15076,664.22943,255,,2,0.9214403,-3.1699998
92dd4baf-ea37-401c-98e7-3a8fe37d8baa,1746606990486973294,822.66956,672.56036,255,,2,0.8905542,-3.7084851
92dd4baf-ea37-401c-98e7-3a8fe37d8baa,1746606990491973294,830.3974,732.018,255,,2,1.3953325,-7.5481577
92dd4baf-ea37-401c-98e7-3a8fe37d8baa,1746606990496973294,808.9069,658.851,255,,2,0.00011611321,-2.8225617
92dd4baf-ea37-401c-98e7-3a8fe37d8baa,1746606990501974294,827.1284,716.9016,255,,2,1.1817319,-6.572677
92dd4baf-ea37-401c-98e7-3a8fe37d8baa,1746606990506974294,943.88043,814.9937,255,,2,8.846522,-12.835585
92dd4baf-ea37-401c-98e7-3a8fe37d8baa,1746606990511974294,902.4302,911.4783,255,,2,6.2488303,-19.052252
92dd4baf-ea37-401c-98e7-3a8fe37d8baa,1746606990516974294,934.3367,971.78735,255,,2,8.518448,-22.870417
92dd4baf-ea37-401c-98e7-3a8fe37d8baa,1746606990521974294,855.6921,1046.9712,255,,2,3.2539907,-27.766397
92dd4baf-ea37-401c-98e7-3a8fe37d8baa,1746606990526974294,871.4,1045.6722,255,,2,4.348911,-27.670809
92dd4baf-ea37-401c-98e7-3a8fe37d8baa,1746606990531974294,845.0213,1047.4492,255,,2,2.5089948,-27.803581
92dd4baf-ea37-401c-98e7-3a8fe37d8baa,1746606990536974294,961.7411,1095.6967,255,,2,10.87586,-30.73464
92dd4baf-ea37-401c-98e7-3a8fe37d8baa,1746606990541986294,1000.4267,1125.5514,255,,2,13.824323,-32.54342
92dd4baf-ea37-401c-98e7-3a8fe37d8baa,1746606990546975294,968.34735,1133.8109,255,,2,11.557998,-33.160744
92dd4baf-ea37-401c-98e7-3a8fe37d8baa,1746606990551975294,994.0756,1081.8392,255,,2,13.093834,-29.770308
92dd4baf-ea37-401c-98e7-3a8fe37d8baa,1746606990556981294,964.0542,1132.9286,255,,2,11.241631,-33.114895
92dd4baf-ea37-401c-98e7-3a8fe37d8baa,1746606990561975294,955.2106,1159.9111,255,,2,10.754152,-34.871098
92dd4baf-ea37-401c-98e7-3a8fe37d8baa,1746606990566975294,1024.8566,1149.6473,255,,2,15.782647,-34.004818
92dd4baf-ea37-401c-98e7-3a8fe37d8baa,1746606990571975294,914.7842,1159.8434,255,,2,7.7781644,-34.953617
92dd4baf-ea37-401c-98e7-3a8fe37d8baa,1746606990576975294,932.90814,1148.8103,255,,2,9.058122,-34.206818
92dd4baf-ea37-401c-98e7-3a8fe37d8baa,1746606990581989294,1004.4904,1160.781,255,,2,14.383388,-34.785873
92dd4baf-ea37-401c-98e7-3a8fe37d8baa,1746606990586976294,1032.6119,1133.4008,255,,2,16.209055,-32.940987
92dd4baf-ea37-401c-98e7-3a8fe37d8baa,1746606990592100294,931.97375,1172.0284,255,,2,9.105988,-35.706238
92dd4baf-ea37-401c-98e7-3a8fe37d8baa,1746606990597101294,936.0675,1162.5872,255,,2,9.359401,-35.088074
92dd4baf-ea37-401c-98e7-3a8fe37d8baa,1746606990602101294,1010.74176,1137.6954,255,,2,14.659047,-33.288055
92dd4baf-ea37-401c-98e7-3a8fe37d8baa,1746606990607101294,1015.80554,1117.5071,255,,2,14.873556,-31.982838
92dd4baf-ea37-401c-98e7-3a8fe37d8baa,1746606990612101294,966.1031,1181.2104,255,,2,11.696951,-36.214764
92dd4baf-ea37-401c-98e7-3a8fe37d8baa,1746606990617101294,911.3917,1158.8494,255,,2,7.5241976,-34.895535
92dd4baf-ea37-401c-98e7-3a8fe37d8baa,1746606990622101294,902.2589,1167.175,255,,2,6.8834505,-35.449047
92dd4baf-ea37-401c-98e7-3a8fe37d8baa,1746606990627101294,908.80695,1165.3259,255,,2,7.360225,-35.31842
92dd4baf-ea37-401c-98e7-3a8fe37d8baa,1746606990632101294,974.30054,1151.2689,255,,2,12.100568,-34.26572
92dd4baf-ea37-401c-98e7-3a8fe37d8baa,1746606990637101294,956.584,1147.6184,255,,2,10.782758,-34.076813
92dd4baf-ea37-401c-98e7-3a8fe37d8baa,1746606990642102294,890.89294,1158.1766,255,,2,6.012629,-34.884842
92dd4baf-ea37-401c-98e7-3a8fe37d8baa,1746606990647105294,928.2894,1138.4846,255,,2,8.672926,-33.551247
92dd4baf-ea37-401c-98e7-3a8fe37d8baa,1746606990652102294,983.7119,1140.6859,255,,2,12.717047,-33.560585
92dd4baf-ea37-401c-98e7-3a8fe37d8baa,1746606990657102294,928.0621,1126.5969,255,,2,8.604139,-32.78696
92dd4baf-ea37-401c-98e7-3a8fe37d8baa,1746606990662102294,911.5798,1146.0853,255,,2,7.486454,-34.071648
92dd4baf-ea37-401c-98e7-3a8fe37d8baa,1746606990667102294,931.9545,1149.5299,255,,2,8.99182,-34.255146
92dd4baf-ea37-401c-98e7-3a8fe37d8baa,1746606990672106294,945.50385,1151.429,255,,,9.993529,-34.34807
92dd4baf-ea37-401c-98e7-3a8fe37d8baa,1746606990677103294,944.6226,1144.5682,255,,,9.892633,-33.908535
92dd4baf-ea37-401c-98e7-3a8fe37d8baa,1746606990682103294,937.37787,1145.3115,255,,,9.367631,-33.972153
92dd4baf-ea37-401c-98e7-3a8fe37d8baa,1746606990687103294,968.40894,1125.3871,255,,,11.513103,-32.62036
92dd4baf-ea37-401c-98e7-3a8fe37d8baa,1746606990692103294,938.4871,1147.1702,255,,,9.45796,-34.089436
92dd4baf-ea37-401c-98e7-3a8fe37d8baa,1746606990697103294,906.072,1143.7877,255,,,7.075297,-33.932735
92dd4baf-ea37-401c-98e7-3a8fe37d8baa,1746606990702103294,946.02686,1146.2657,255,,,10.004103,-34.01459
92dd4baf-ea37-401c-98e7-3a8fe37d8baa,1746606990707107294,965.2392,1149.982,255,,,11.429543,-34.207073
92dd4baf-ea37-401c-98e7-3a8fe37d8baa,1746606990712111294,970.4054,1136.81,255,,,11.725351,-33.347893
92dd4baf-ea37-401c-98e7-3a8fe37d8baa,1746606990717103294,965.04114,1135.2004,255,,,11.3263855,-33.258244
92dd4baf-ea37-401c-98e7-3a8fe37d8baa,1746606990722103294,953.4459,1147.2584,255,,,10.551446,-34.06122
92dd4baf-ea37-401c-98e7-3a8fe37d8baa,1746606990727104294,927.41425,1170.7633,255,,,8.76165,-35.634167
92dd4baf-ea37-401c-98e7-3a8fe37d8baa,1746606990732229294,931.8051,1164.5605,255,,,9.055137,-35.22454
92dd4baf-ea37-401c-98e7-3a8fe37d8baa,1746606990737229294,909.01025,1148.4166,255,,,7.3076463,-34.226383
92dd4baf-ea37-401c-98e7-3a8fe37d8baa,1746606990742229294,910.8643,1151.9117,255,,,7.457255,-34.44868
92dd4baf-ea37-401c-98e7-3a8fe37d8baa,1746606990747229294,918.557,1155.3562,255,,,8.03625,-34.657063
92dd4baf-ea37-401c-98e7-3a8fe37d8baa,1746606990752229294,920.5552,1157.8448,255,,,8.194143,-34.81385
92dd4baf-ea37-401c-98e7-3a8fe37d8baa,1746606990757230294,927.21344,1157.1418,255,,,8.680493,-34.755444
92dd4baf-ea37-401c-98e7-3a8fe37d8baa,1746606990762229294,907.29816,1149.1681,255,,,7.1852016,-34.277737
92dd4baf-ea37-401c-98e7-3a8fe37d8baa,1746606990767229294,896.78046,1161.1968,255,,,6.4567075,-35.071297
92dd4baf-ea37-401c-98e7-3a8fe37d8baa,1746606990772229294,910.733,1165.6987,255,,,7.504096,-35.339115
92dd4baf-ea37-401c-98e7-3a8fe37d8baa,1746606990777229294,938.8539,1174.153,255,,,9.627698,-35.828167
92dd4baf-ea37-401c-98e7-3a8fe37d8baa,1746606990782230294,931.23,1174.5802,255,,,9.064118,-35.872654
92dd4baf-ea37-401c-98e7-3a8fe37d8baa,1746606990787230294,927.27655,1176.3678,255,,,8.779648,-35.996555
92dd4baf-ea37-401c-98e7-3a8fe37d8baa,1746606990792230294,925.7131,1175.4521,255,,,8.658849,-35.940628
92dd4baf-ea37-401c-98e7-3a8fe37d8baa,1746606990797230294,903.1495,1182.0154,255,,,7.0085864,-36.4079
92dd4baf-ea37-401c-98e7-3a8fe37d8baa,1746606990802230294,911.839,1146.6782,255,,,7.5077505,-34.10943
92dd4baf-ea37-401c-98e7-3a8fe37d8baa,1746606990807230294,911.5704,1155.431,255,,,7.5233097,-34.674553
92dd4baf-ea37-401c-98e7-3a8fe37d8baa,1746606990812233294,917.4863,1161.7305,255,,,7.985474,-35.070457
92dd4baf-ea37-401c-98e7-3a8fe37d8baa,1746606990817230294,883.8,1167.3789,255,,,5.5181437,-35.489803
92dd4baf-ea37-401c-98e7-3a8fe37d8baa,1746606990822236294,895.15796,1159.407,255,,,6.330861,-34.95809
92dd4baf-ea37-401c-98e7-3a8fe37d8baa,1746606990827234294,910.60095,1153.9042,255,,,7.4459305,-34.577705
92dd4baf-ea37-401c-98e7-3a8fe37d8baa,1746606990832231294,905.00305,1155.9082,255,,,7.04258,-34.71655
92dd4baf-ea37-401c-98e7-3a8fe37d8baa,1746606990837231294,911.7252,1162.0812,255,,,7.562194,-35.10364
92dd4baf-ea37-401c-98e7-3a8fe37d8baa,1746606990842234294,926.946,1141.3431,255,,,8.587938,-33.73789
92dd4baf-ea37-401c-98e7-3a8fe37d8baa,1746606990847231294,883.3202,1161.2396,255,,,5.4641376,-35.09327
92dd4baf-ea37-401c-98e7-3a8fe37d8baa,1746606990852231294,912.2418,1159.7982,255,,,7.59073,-34.95529
92dd4baf-ea37-401c-98e7-3a8fe37d8baa,1746606990857236294,912.8024,1159.5787,255,,,7.631097,-34.940117
92dd4baf-ea37-401c-98e7-3a8fe37d8baa,1746606990862231294,936.48584,1162.7733,255,,,9.391216,-35.099167
92dd4baf-ea37-401c-98e7-3a8fe37d8baa,1746606990867356294,955.608,1150.0242,255,,,10.725288,-34.23389
92dd4baf-ea37-401c-98e7-3a8fe37d8baa,1746606990872360294,902.8464,1159.5527,255,,,6.8977327,-34.955467
92dd4baf-ea37-401c-98e7-3a8fe37d8baa,1746606990877357294,910.7695,1135.5774,255,,,7.386774,-33.39586
92dd4baf-ea37-401c-98e7-3a8fe37d8baa,1746606990882369294,920.16003,1156.0098,255,,,8.1568985,-34.696205
92dd4baf-ea37-401c-98e7-3a8fe37d8baa,1746606990887357294,940.07196,1165.5875,255,,,9.670816,-35.2727
92dd4baf-ea37-401c-98e7-3a8fe37d8baa,1746606990892357294,938.31335,1165.9664,255,,,9.542996,-35.301083
92dd4baf-ea37-401c-98e7-3a8fe37d8baa,1746606990897357294,899.80145,1167.6111,255,,,6.703277,-35.481243
92dd4baf-ea37-401c-98e7-3a8fe37d8baa,1746606990902360294,897.62714,1128.5347,255,,,6.408575,-32.962788
92dd4baf-ea37-401c-98e7-3a8fe37d8baa,1746606990907357294,979.8203,1097.4023,255,,3,12.171595,-30.800524
92dd4baf-ea37-401c-98e7-3a8fe37d8baa,1746606990912357294,1006.68823,1137.423,255,,3,14.362904,-33.283436
92dd4baf-ea37-401c-98e7-3a8fe37d8baa,1746606990917358294,970.5389,1171.4504,255,,3,11.959094,-35.573746
92dd4baf-ea37-401c-98e7-3a8fe37d8baa,1746606990922358294,932.8703,1161.8265,255,,3,9.119839,-35.0459
92dd4baf-ea37-401c-98e7-3a8fe37d8baa,1746606990927358294,1004.0012,1068.0195,255,,3,13.712929,-28.863415
92dd4baf-ea37-401c-98e7-3a8fe37d8baa,1746606990932367294,901.2368,1031.8779,255,,3,6.3973527,-26.75555
92dd4baf-ea37-401c-98e7-3a8fe37d8baa,1746606990937358294,742.54364,900.95544,255,,3,-4.435873,-18.404373
92dd4baf-ea37-401c-98e7-3a8fe37d8baa,1746606990942358294,729.64185,747.8613,255,,3,-5.1581655,-8.5594015
92dd4baf-ea37-401c-98e7-3a8fe37d8baa,1746606990947365294,888.158,744.6251,255,,3,5.1512327,-8.348219
92dd4baf-ea37-401c-98e7-3a8fe37d8baa,1746606990952358294,839.4504,711.5786,255,,3,1.980304,-6.2278547
92dd4baf-ea37-401c-98e7-3a8fe37d8baa,1746606990957358294,866.5352,725.2624,255,,3,3.7398632,-7.1064086
92dd4baf-ea37-401c-98e7-3a8fe37d8baa,1746606990962358294,838.52356,733.9996,255,,3,1.9234358,-7.67509
92dd4baf-ea37-401c-98e7-3a8fe37d8baa,1746606990967358294,822.9968,692.4556,255,,3,0.91247225,-4.99407
92dd4baf-ea37-401c-98e7-3a8fe37d8baa,1746606990972359294,825.03516,644.86743,255,,3,1.0428332,-1.9182448
92dd4baf-ea37-401c-98e7-3a8fe37d8baa,1746606990977359294,825.5687,655.81604,255,,3,1.0775784,-2.626064
92dd4baf-ea37-401c-98e7-3a8fe37d8baa,1746606990982369294,784.7509,674.8351,255,,3,-1.5633346,-3.8553889
92dd4baf-ea37-401c-98e7-3a8fe37d8baa,1746606990987359294,810.95953,655.53705,255,,3,0.13287449,-2.608292
92dd4baf-ea37-401c-98e7-3a8fe37d8baa,1746606990992359294,816.76807,675.66187,255,,3,0.5087466,-3.9091084
92dd4baf-ea37-401c-98e7-3a8fe37d8baa,1746606990997365294,792.9244,670.96655,255,,3,-1.0341452,-3.6056225
92dd4baf-ea37-401c-98e7-3a8fe37d8baa,1746606991002359294,797.09534,677.04724,255,,3,-0.764503,-3.9987204
92dd4baf-ea37-401c-98e7-3a8fe37d8baa,1746606991007484294,886.401,696.6389,255,,3,5.0183105,-5.2557344
92dd4baf-ea37-401c-98e7-3a8fe37d8baa,1746606991012486294,881.5616,689.1369,255,,3,4.703118,-4.7727857
92dd4baf-ea37-401c-98e7-3a8fe37d8baa,1746606991017485294,865.30756,716.4104,255,,3,3.6577232,-6.535664
92dd4baf-ea37-401c-98e7-3a8fe37d8baa,1746606991022485294,863.11725,806.7423,255,,3,3.5502093,-12.356057
92dd4baf-ea37-401c-98e7-3a8fe37d8baa,1746606991027485294,884.2875,893.8395,255,,3,5.0159197,-17.93712
92dd4baf-ea37-401c-98e7-3a8fe37d8baa,1746606991032485294,775.2295,1013.3354,255,,3,-2.3364778,-25.621466
92dd4baf-ea37-401c-98e7-3a8fe37d8baa,1746606991037485294,897.4162,1041.9592,255,,3,6.1554756,-27.405613
92dd4baf-ea37-401c-98e7-3a8fe37d8baa,1746606991042485294,838.8654,1081.5347,255,,3,2.1060069,-29.995232
92dd4baf-ea37-401c-98e7-3a8fe37d8baa,1746606991047485294,875.50385,1103.368,255,,3,4.7484703,-31.370722
92dd4baf-ea37-401c-98e7-3a8fe37d8baa,1746606991052486294,868.3968,1089.3201,255,,3,4.213366,-30.474636
92dd4baf-ea37-401c-98e7-3a8fe37d8baa,1746606991057492294,953.55194,1115.4333,255,,3,10.389284,-32.017315
92dd4baf-ea37-401c-98e7-3a8fe37d8baa,1746606991062486294,990.9885,1133.3995,255,,3,13.196102,-33.07308
92dd4baf-ea37-401c-98e7-3a8fe37d8baa,1746606991067491294,919.4128,1146.8324,255,,3,8.062129,-34.105816
92dd4baf-ea37-401c-98e7-3a8fe37d8baa,1746606991072486294,870.43634,1167.6925,255,,3,4.529556,-35.526535
92dd4baf-ea37-401c-98e7-3a8fe37d8baa,1746606991077486294,978.22894,1116.9463,255,,3,12.170836,-32.054623
92dd4baf-ea37-401c-98e7-3a8fe37d8baa,1746606991082486294,949.6858,1155.9348,255,,3,10.32506,-34.62845
92dd4baf-ea37-401c-98e7-3a8fe37d8baa,1746606991087489294,983.0676,1189.1755,255,,3,13.021304,-36.678223
92dd4baf-ea37-401c-98e7-3a8fe37d8baa,1746606991092486294,1105.1957,1163.3413,255,,3,21.800692,-34.54254
92dd4baf-ea37-401c-98e7-3a8fe37d8baa,1746606991097486294,917.963,1226.7919,255,,3,8.344134,-39.28529
92dd4baf-ea37-401c-98e7-3a8fe37d8baa,1746606991102491294,949.72174,1169.7402,255,,3,10.407658,-35.517853
92dd4baf-ea37-401c-98e7-3a8fe37d8baa,1746606991107487294,959.1489,1194.1202,255,,3,11.266068,-37.06685
92dd4baf-ea37-401c-98e7-3a8fe37d8baa,1746606991112487294,976.24963,1208.2717,255,,3,12.660288,-37.930717
92dd4baf-ea37-401c-98e7-3a8fe37d8baa,1746606991117487294,965.5807,1163.4764,255,,3,11.539809,-35.074
92dd4baf-ea37-401c-98e7-3a8fe37d8baa,1746606991122498294,971.41626,1181.2542,255,,3,12.092794,-36.20265
92dd4baf-ea37-401c-98e7-3a8fe37d8baa,1746606991127487294,1002.9912,1185.0227,255,,3,14.47414,-36.346302
92dd4baf-ea37-401c-98e7-3a8fe37d8baa,1746606991132488294,981.10376,1182.5128,255,,3,12.823324,-36.255234
92dd4baf-ea37-401c-98e7-3a8fe37d8baa,1746606991137487294,997.0379,1160.7216,255,,3,13.835251,-34.805862
92dd4baf-ea37-401c-98e7-3a8fe37d8baa,1746606991142614294,985.3296,1164.6688,255,,3,13.003286,-35.095036
92dd4baf-ea37-401c-98e7-3a8fe37d8baa,1746606991147612294,966.8527,1149.2922,255,,3,11.543251,-34.15857
92dd4baf-ea37-401c-98e7-3a8fe37d8baa,1746606991152612294,963.4024,1155.2129,255,,3,11.327335,-34.548096
92dd4baf-ea37-401c-98e7-3a8fe37d8baa,1746606991157612294,964.95764,1160.3105,255,,3,11.473611,-34.87194
92dd4baf-ea37-401c-98e7-3a8fe37d8baa,1746606991162613294,946.85425,1168.1438,255,,3,10.186236,-35.421825
92dd4baf-ea37-401c-98e7-3a8fe37d8baa,1746606991167613294,944.7992,1168.3894,255,,3,10.035699,-35.44252
92dd4baf-ea37-401c-98e7-3a8fe37d8baa,1746606991172620294,922.3606,1169.7106,255,,3,8.382206,-35.576427
92dd4baf-ea37-401c-98e7-3a8fe37d8baa,1746606991177613294,993.4775,1160.32,255,,3,13.570534,-34.791153
92dd4baf-ea37-401c-98e7-3a8fe37d8baa,1746606991182613294,986.4742,1164.1095,255,,3,13.083507,-35.05569
92dd4baf-ea37-401c-98e7-3a8fe37d8baa,1746606991187613294,940.62915,1142.1904,255,,3,9.589196,-33.764328
92dd4baf-ea37-401c-98e7-3a8fe37d8baa,1746606991192614294,971.2708,1162.0802,255,,3,11.949716,-34.968822
92dd4baf-ea37-401c-98e7-3a8fe37d8baa,1746606991197613294,1011.3903,1157.1183,255,,3,14.860114,-34.52853
92dd4baf-ea37-401c-98e7-3a8fe37d8baa,1746606991202626294,939.3789,1171.5718,255,,3,9.652341,-35.66036
92dd4baf-ea37-401c-98e7-3a8fe37d8baa,1746606991207627294,990.8746,1150.8849,255,,3,13.310139,-34.193817
92dd4baf-ea37-401c-98e7-3a8fe37d8baa,1746606991212614294,980.9603,1149.2732,255,,3,12.574227,-34.119144
92dd4baf-ea37-401c-98e7-3a8fe37d8baa,1746606991217614294,902.2204,1181.7852,255,,3,6.9383173,-36.39458
92dd4baf-ea37-401c-98e7-3a8fe37d8baa,1746606991222614294,922.56116,1164.7872,255,,3,8.373812,-35.258068
92dd4baf-ea37-401c-98e7-3a8fe37d8baa,1746606991227614294,964.2385,1152.8325,255,,3,11.37389,-34.39288
92dd4baf-ea37-401c-98e7-3a8fe37d8baa,1746606991232614294,940.0603,1200.9229,255,,3,9.874171,-37.55599
92dd4baf-ea37-401c-98e7-3a8fe37d8baa,1746606991237614294,933.4277,1183.3716,255,,3,9.27474,-36.435974
92dd4baf-ea37-401c-98e7-3a8fe37d8baa,1746606991242614294,928.44037,1180.768,255,,3,8.888904,-36.278522
92dd4baf-ea37-401c-98e7-3a8fe37d8baa,1746606991247615294,904.01636,1205.2858,255,,3,7.173399,-37.91551
92dd4baf-ea37-401c-98e7-3a8fe37d8baa,1746606991252622294,933.4429,1196.8083,255,,3,9.351239,-37.30526
92dd4baf-ea37-401c-98e7-3a8fe37d8baa,1746606991257627294,936.22485,1197.7823,255,,3,9.56628,-37.361855
92dd4baf-ea37-401c-98e7-3a8fe37d8baa,1746606991262615294,942.1271,1199.4279,255,,3,10.020755,-37.45416
92dd4baf-ea37-401c-98e7-3a8fe37d8baa,1746606991267615294,895.7955,1147.8372,255,,3,6.338333,-34.209946
92dd4baf-ea37-401c-98e7-3a8fe37d8baa,1746606991272615294,882.79236,1194.2172,255,,3,5.5284915,-37.230854
92dd4baf-ea37-401c-98e7-3a8fe37d8baa,1746606991277615294,923.884,1193.4961,255,,,8.614452,-37.111855
92dd4baf-ea37-401c-98e7-3a8fe37d8baa,1746606991282740294,916.64484,1195.6262,255,,,8.08109,-37.26475
92dd4baf-ea37-401c-98e7-3a8fe37d8baa,1746606991287740294,942.873,1185.2219,255,,,9.990469,-36.533695
92dd4baf-ea37-401c-98e7-3a8fe37d8baa,1746606991292748294,938.64667,1192.1567,255,,,9.715158,-36.992107
92dd4baf-ea37-401c-98e7-3a8fe37d8baa,1746606991297740294,892.3448,1178.7192,255,,,6.190282,-36.21185
92dd4baf-ea37-401c-98e7-3a8fe37d8baa,1746606991302741294,904.24365,1177.6185,255,,,7.0721617,-36.121346
92dd4baf-ea37-401c-98e7-3a8fe37d8baa,1746606991307741294,908.7786,1178.3231,255,,,7.412715,-36.158993
92dd4baf-ea37-401c-98e7-3a8fe37d8baa,1746606991312744294,926.4529,1189.5272,255,,,8.786321,-36.849422
92dd4baf-ea37-401c-98e7-3a8fe37d8baa,1746606991317741294,925.9302,1156.6293,255,,,8.583751,-34.724953
92dd4baf-ea37-401c-98e7-3a8fe37d8baa,1746606991322743294,926.39307,1160.1865,255,,,8.634629,-34.9535
92dd4baf-ea37-401c-98e7-3a8fe37d8baa,1746606991327741294,943.01886,1175.9542,255,,,9.947098,-35.934803
92dd4baf-ea37-401c-98e7-3a8fe37d8baa,1746606991332741294,941.7762,1174.5181,255,,,9.846612,-35.84501
92dd4baf-ea37-401c-98e7-3a8fe37d8baa,1746606991337744294,968.2233,1138.1115,255,,,11.574732,-33.437027
92dd4baf-ea37-401c-98e7-3a8fe37d8baa,1746606991342749294,962.94666,1142.9019,255,,,11.219419,-33.75798
92dd4baf-ea37-401c-98e7-3a8fe37d8baa,1746606991347742294,931.9185,1168.565,255,,,9.083966,-35.482735
92dd4baf-ea37-401c-98e7-3a8fe37d8baa,1746606991352742294,948.2765,1172.7103,255,,,10.318236,-35.71291
92dd4baf-ea37-401c-98e7-3a8fe37d8baa,1746606991357742294,1014.1543,1163.8535,255,,,15.119333,-34.950462
92dd4baf-ea37-401c-98e7-3a8fe37d8baa,1746606991362742294,933.376,1180.2109,255,,,9.253663,-36.23178
92dd4baf-ea37-401c-98e7-3a8fe37d8baa,1746606991367742294,980.75916,1142.8928,255,,,12.51684,-33.71035
92dd4baf-ea37-401c-98e7-3a8fe37d8baa,1746606991372754294,945.63684,1169.5104,255,,,10.104069,-35.51284
92dd4baf-ea37-401c-98e7-3a8fe37d8baa,1746606991377742294,997.5837,1187.3947,255,,,14.091124,-36.516933
92dd4baf-ea37-401c-98e7-3a8fe37d8baa,1746606991382746294,993.5776,1147.3497,255,,,13.482048,-33.95911
92dd4baf-ea37-401c-98e7-3a8fe37d8baa,1746606991387742294,943.24194,1184.6842,255,,,10.014826,-36.498066
92dd4baf-ea37-401c-98e7-3a8fe37d8baa,1746606991392743294,1037.7529,1190.4324,255,,,17.118134,-36.564014
92dd4baf-ea37-401c-98e7-3a8fe37d8baa,1746606991397743294,976.0758,1163.8068,255,,,12.315309,-35.06648
92dd4baf-ea37-401c-98e7-3a8fe37d8baa,1746606991402747294,977.04376,1193.6433,255,,,12.605024,-36.984566
92dd4baf-ea37-401c-98e7-3a8fe37d8baa,1746606991407743294,944.2999,1172.7115,255,,,10.023473,-35.722504
92dd4baf-ea37-401c-98e7-3a8fe37d8baa,1746606991412743294,954.5633,1172.3069,255,,,10.781678,-35.67132
92dd4baf-ea37-401c-98e7-3a8fe37d8baa,1746606991417868294,945.51086,1190.8318,255,,,10.221815,-36.889824
92dd4baf-ea37-401c-98e7-3a8fe37d8baa,1746606991422868294,994.26385,1178.2157,255,,,13.768212,-35.937824
92dd4baf-ea37-401c-98e7-3a8fe37d8baa,1746606991427868294,934.52594,1169.4882,255,,,9.281721,-35.536697
92dd4baf-ea37-401c-98e7-3a8fe37d8baa,1746606991432868294,937.811,1166.7397,255,,,9.510034,-35.35209
92dd4baf-ea37-401c-98e7-3a8fe37d8baa,1746606991437876294,940.3988,1168.4609,255,,,9.710691,-35.457302
92dd4baf-ea37-401c-98e7-3a8fe37d8baa,1746606991442869294,981.94446,1164.0923,255,,,12.749688,-35.06797
92dd4baf-ea37-401c-98e7-3a8fe37d8baa,1746606991447869294,986.13245,1159.5275,255,,,13.024959,-34.762455
92dd4baf-ea37-401c-98e7-3a8fe37d8baa,1746606991452869294,956.4938,1180.5587,255,,,10.977213,-36.198544
92dd4baf-ea37-401c-98e7-3a8fe37d8baa,1746606991457869294,990.17737,1203.8364,255,,,13.675574,-37.599777
92dd4baf-ea37-401c-98e7-3a8fe37d8baa,1746606991462869294,956.9027,1186.7747,255,,,11.048315,-36.598587
92dd4baf-ea37-401c-98e7-3a8fe37d8baa,1746606991467869294,964.0766,1168.8755,255,,,11.463878,-35.425545
92dd4baf-ea37-401c-98e7-3a8fe37d8baa,1746606991472869294,966.7053,1160.3326,255,,,11.602305,-34.868744
92dd4baf-ea37-401c-98e7-3a8fe37d8baa,1746606991477869294,953.2794,1172.4097,255,,,10.687182,-35.68118
92dd4baf-ea37-401c-98e7-3a8fe37d8baa,1746606991482873294,975.66077,1197.8607,255,,,12.533731,-37.26072
92dd4baf-ea37-401c-98e7-3a8fe37d8baa,1746606991487870294,942.70325,1159.1888,255,,,9.829967,-34.854237
92dd4baf-ea37-401c-98e7-3a8fe37d8baa,1746606991492870294,938.63226,1171.5488,255,,,9.596893,-35.660572
92dd4baf-ea37-401c-98e7-3a8fe37d8baa,1746606991497870294,967.66754,1148.2252,255,,,11.596171,-34.08789
92dd4baf-ea37-401c-98e7-3a8fe37d8baa,1746606991502870294,938.53406,1164.5785,255,,,9.551848,-35.21107
92dd4baf-ea37-401c-98e7-3a8fe37d8baa,1746606991507870294,975.4488,1148.8364,255,,,12.168596,-34.10639
92dd4baf-ea37-401c-98e7-3a8fe37d8baa,1746606991512870294,952.0443,1155.0353,255,,,10.493034,-34.564926
92dd4baf-ea37-401c-98e7-3a8fe37d8baa,1746606991517871294,955.8077,1165.9805,255,,,10.834784,-35.260487
92dd4baf-ea37-401c-98e7-3a8fe37d8baa,1746606991522870294,970.5014,1153.6088,255,,,11.837619,-34.42631
92dd4baf-ea37-401c-98e7-3a8fe37d8baa,1746606991527870294,968.1685,1174.803,255,,,11.806439,-35.79619
92dd4baf-ea37-401c-98e7-3a8fe37d8baa,1746606991532871294,963.0186,1156.2084,255,,,11.305349,-34.613113
92dd4baf-ea37-401c-98e7-3a8fe37d8baa,1746606991537871294,964.8541,1185.69,255,,,11.634837,-36.507057
92dd4baf-ea37-401c-98e7-3a8fe37d8baa,1746606991542871294,981.00995,1180.905,255,1,,12.8041725,-36.15202
92dd4baf-ea37-401c-98e7-3a8fe37d8baa,1746606991547871294,917.4532,1159.4532,255,1,,7.973009,-34.92351
92dd4baf-ea37-401c-98e7-3a8fe37d8baa,1746606991552871294,926.38116,1161.2798,255,1,,8.638973,-35.02406
92dd4baf-ea37-401c-98e7-3a8fe37d8baa,1746606991558011294,942.727,1150.38,255,1,,9.784615,-34.2868
92dd4baf-ea37-401c-98e7-3a8fe37d8baa,1746606991562996294,962.81665,1168.8159,255,1,,11.370352,-35.425056
92dd4baf-ea37-401c-98e7-3a8fe37d8baa,1746606991568000294,955.5995,1166.5125,255,1,,10.822666,-35.295284
92dd4baf-ea37-401c-98e7-3a8fe37d8baa,1746606991572996294,944.3199,1153.84,255,1,,9.919764,-34.506
92dd4baf-ea37-401c-98e7-3a8fe37d8baa,1746606991577997294,941.52924,1151.8229,255,1,,9.704482,-34.382366
92dd4baf-ea37-401c-98e7-3a8fe37d8baa,1746606991582997294,946.05707,1163.7467,255,1,,10.102245,-35.14024
92dd4baf-ea37-401c-98e7-3a8fe37d8baa,1746606991587997294,946.8921,1176.1931,255,1,,10.236178,-35.940975
92dd4baf-ea37-401c-98e7-3a8fe37d8baa,1746606991592997294,949.681,1177.7137,255,1,,10.4525585,-36.032272
92dd4baf-ea37-401c-98e7-3a8fe37d8baa,1746606991597997294,925.7181,1174.7368,255,1,,8.655652,-35.89439
92dd4baf-ea37-401c-98e7-3a8fe37d8baa,1746606991602997294,915.00226,1179.718,255,1,,7.882441,-36.23775
92dd4baf-ea37-401c-98e7-3a8fe37d8baa,1746606991607997294,957.9402,1171.0873,255,1,,11.024137,-35.584103
92dd4baf-ea37-401c-98e7-3a8fe37d8baa,1746606991612997294,895.97955,1183.0625,255,1,,6.477396,-36.48759
92dd4baf-ea37-401c-98e7-3a8fe37d8baa,1746606991617997294,932.5446,1164.6395,255,1,,9.11012,-35.228058
92dd4baf-ea37-401c-98e7-3a8fe37d8baa,1746606991622998294,924.7773,1166.6919,255,1,,8.546567,-35.37663
92dd4baf-ea37-401c-98e7-3a8fe37d8baa,1746606991627998294,930.64777,1197.3533,255,1,,9.143963,-37.346897
92dd4baf-ea37-401c-98e7-3a8fe37d8baa,1746606991632998294,915.81116,1171.0178,255,1,,7.903041,-35.673573
92dd4baf-ea37-401c-98e7-3a8fe37d8baa,1746606991637998294,937.9091,1182.6776,255,1,,9.60522,-36.38095
92dd4baf-ea37-401c-98e7-3a8fe37d8baa,1746606991643001294,909.0751,1174.7974,255,1,,7.4196887,-35.930336
92dd4baf-ea37-401c-98e7-3a8fe37d8baa,1746606991647998294,927.1713,1151.4023,255,1,,8.6504,-34.385475
92dd4baf-ea37-401c-98e7-3a8fe37d8baa,1746606991652998294,935.7302,1151.8733,255,1,,9.279842,-34.39821
92dd4baf-ea37-401c-98e7-3a8fe37d8baa,1746606991657998294,921.0696,1152.2329,255,1,,8.206916,-34.450882
92dd4baf-ea37-401c-98e7-3a8fe37d8baa,1746606991662998294,944.98425,1170.9219,255,1,,10.06388,-35.60543
92dd4baf-ea37-401c-98e7-3a8fe37d8baa,1746606991667998294,935.7597,1172.5308,255,1,,9.389324,-35.730392
92dd4baf-ea37-401c-98e7-3a8fe37d8baa,1746606991672998294,880.64233,1175.5945,255,1,,5.308805,-36.02596
92dd4baf-ea37-401c-98e7-3a8fe37d8baa,1746606991677999294,916.56854,1186.4216,255,1,,8.030751,-36.668625
92dd4baf-ea37-401c-98e7-3a8fe37d8baa,1746606991683015294,919.57794,1180.6348,255,1,,8.227735,-36.28817
92dd4baf-ea37-401c-98e7-3a8fe37d8baa,1746606991688009294,953.94763,1188.4473,255,1,,10.838355,-36.714336
92dd4baf-ea37-401c-98e7-3a8fe37d8baa,1746606991693124294,934.09906,1160.2937,255,1,,9.202566,-34.944416
92dd4baf-ea37-401c-98e7-3a8fe37d8baa,1746606991698124294,927.0519,1164.4537,255,1,,8.703757,-35.227528
92dd4baf-ea37-401c-98e7-3a8fe37d8baa,1746606991703137294,950.5545,1179.2081,255,1,,10.526673,-36.126537
92dd4baf-ea37-401c-98e7-3a8fe37d8baa,1746606991708124294,939.62634,1178.1217,255,1,,9.707317,-36.08266
92dd4baf-ea37-401c-98e7-3a8fe37d8baa,1746606991713124294,957.07556,1196.5769,255,1,,11.127191,-37.23118
92dd4baf-ea37-401c-98e7-3a8fe37d8baa,1746606991718125294,914.2428,1190.3154,255,1,,7.8750505,-36.92533
92dd4baf-ea37-401c-98e7-3a8fe37d8baa,1746606991723125294,933.3478,1155.125,255,1,,9.121327,-34.612785
92dd4baf-ea37-401c-98e7-3a8fe37d8baa,1746606991728130294,927.49805,1164.2705,255,1,,8.735798,-35.214794
92dd4baf-ea37-401c-98e7-3a8fe37d8baa,1746606991733128294,922.998,1170.988,255,1,,8.435529,-35.657692
92dd4baf-ea37-401c-98e7-3a8fe37d8baa,1746606991738137294,902.17975,1164.6383,255,1,,6.867871,-35.285187
92dd4baf-ea37-401c-98e7-3a8fe37d8baa,1746606991743125294,921.28766,1169.461,255,1,,8.301582,-35.562428
92dd4baf-ea37-401c-98e7-3a8fe37d8baa,1746606991748125294,929.76483,1195.1985,255,1,,9.065532,-37.20934
92dd4baf-ea37-401c-98e7-3a8fe37d8baa,1746606991753125294,938.17914,1157.6757,255,1,,9.489236,-34.766808
92dd4baf-ea37-401c-98e7-3a8fe37d8baa,1746606991758125294,920.05237,1162.0353,255,1,,8.176023,-35.085274
92dd4baf-ea37-401c-98e7-3a8fe37d8baa,1746606991763129294,921.1834,1162.1228,255,1,,8.259809,-35.08874
92dd4baf-ea37-401c-98e7-3a8fe37d8baa,1746606991768125294,927.5272,1160.2677,255,1,,8.718531,-34.95644
92dd4baf-ea37-401c-98e7-3a8fe37d8baa,1746606991773126294,938.77515,1164.1614,255,1,,9.567401,-35.18363
92dd4baf-ea37-401c-98e7-3a8fe37d8baa,1746606991778135294,943.3238,1162.206,255,1,,9.892156,-35.047276
92dd4baf-ea37-401c-98e7-3a8fe37d8baa,1746606991783126294,936.20996,1171.0719,255,1,,9.414848,-35.63521
92dd4baf-ea37-401c-98e7-3a8fe37d8baa,1746606991788132294,943.2125,1169.5219,255,1,,9.924756,-35.519268
92dd4baf-ea37-401c-98e7-3a8fe37d8baa,1746606991793126294,929.0351,1172.6531,255,1,,8.8913145,-35.752842
92dd4baf-ea37-401c-98e7-3a8fe37d8baa,1746606991798126294,917.1434,1138.3995,255,,,7.861438,-33.56661
92dd4baf-ea37-401c-98e7-3a8fe37d8baa,1746606991803135294,932.04913,1171.0239,255,,,9.106349,-35.64121
92dd4baf-ea37-401c-98e7-3a8fe37d8baa,1746606991808126294,958.3183,1170.1316,255,,,11.046096,-35.521545
92dd4baf-ea37-401c-98e7-3a8fe37d8baa,1746606991813126294,955.6011,1185.7207,255,,,10.944155,-36.53398
92dd4baf-ea37-401c-98e7-3a8fe37d8baa,1746606991818127294,957.2743,1176.1381,255,,,11.006849,-35.911396
92dd4baf-ea37-401c-98e7-3a8fe37d8baa,1746606991823133294,964.08844,1191.8083,255,,,11.620392,-36.903946
92dd4baf-ea37-401c-98e7-3a8fe37d8baa,1746606991828132294,967.42615,1164.2278,255,,,11.680716,-35.117413
92dd4baf-ea37-401c-98e7-3a8fe37d8baa,1746606991833252294,952.69116,1171.2981,255,,,10.63681,-35.610985
92dd4baf-ea37-401c-98e7-3a8fe37d8baa,1746606991838254294,959.9446,1172.1045,255,,,11.179038,-35.64445
92dd4baf-ea37-401c-98e7-3a8fe37d8baa,1746606991843268294,971.053,1178.756,255,,,12.04805,-36.04274
92dd4baf-ea37-401c-98e7-3a8fe37d8baa,1746606991848252294,980.01514,1178.7783,255,,,12.71426,-36.018124
92dd4baf-ea37-401c-98e7-3a8fe37d8baa,1746606991853252294,977.5825,1175.2874,255,,,12.508009,-35.800625
92dd4baf-ea37-401c-98e7-3a8fe37d8baa,1746606991858252294,953.4853,1155.4275,255,,,10.601033,-34.586697
92dd4baf-ea37-401c-98e7-3a8fe37d8baa,1746606991863253294,904.6143,1164.846,255,,,7.0485296,-35.294575
92dd4baf-ea37-401c-98e7-3a8fe37d8baa,1746606991868253294,912.82733,1165.3456,255,,,7.6573586,-35.312534
92dd4baf-ea37-401c-98e7-3a8fe37d8baa,1746606991873253294,946.93585,1174.536,255,,,10.229615,-35.833935
92dd4baf-ea37-401c-98e7-3a8fe37d8baa,1746606991878253294,949.74713,1193.6879,255,,,10.557532,-37.063774
92dd4baf-ea37-401c-98e7-3a8fe37d8baa,1746606991883260294,959.7565,1189.1044,255,,,11.277305,-36.74134
92dd4baf-ea37-401c-98e7-3a8fe37d8baa,1746606991888253294,958.41364,1187.7277,255,,,11.167584,-36.656086
92dd4baf-ea37-401c-98e7-3a8fe37d8baa,1746606991893253294,895.78156,1183.4297,255,,,6.4639883,-36.5117
92dd4baf-ea37-401c-98e7-3a8fe37d8baa,1746606991898253294,908.85034,1187.5985,255,,,7.4585457,-36.75946
92dd4baf-ea37-401c-98e7-3a8fe37d8baa,1746606991903256294,927.36884,1162.4329,255,,,8.717322,-35.096462
92dd4baf-ea37-401c-98e7-3a8fe37d8baa,1746606991908253294,925.5426,1167.4364,255,,,8.606749,-35.42316
92dd4baf-ea37-401c-98e7-3a8fe37d8baa,1746606991913254294,930.5428,1181.7264,255,,,9.050663,-36.335968
92dd4baf-ea37-401c-98e7-3a8fe37d8baa,1746606991918254294,972.59314,1188.5775,255,,,12.233661,-36.671227
92dd4baf-ea37-401c-98e7-3a8fe37d8baa,1746606991923254294,973.14105,1171.4203,255,,,12.151473,-35.56451
92dd4baf-ea37-401c-98e7-3a8fe37d8baa,1746606991928254294,970.8846,1184.2781,255,,,12.074818,-36.399033
92dd4baf-ea37-401c-98e7-3a8fe37d8baa,1746606991933254294,959.45575,1187.9459,255,,,11.246971,-36.667377
92dd4baf-ea37-401c-98e7-3a8fe37d8baa,1746606991938255294,954.7593,1191.7875,255,,,10.921076,-36.927948
92dd4baf-ea37-401c-98e7-3a8fe37d8baa,1746606991943254294,950.3536,1189.6665,255,,,10.577237,-36.802357
92dd4baf-ea37-401c-98e7-3a8fe37d8baa,1746606991948260294,931.85596,1198.1273,255,,4,9.239312,-37.3943
92dd4baf-ea37-401c-98e7-3a8fe37d8baa,1746606991953254294,894.51575,1168.9681,255,,4,6.3168797,-35.577297
92dd4baf-ea37-401c-98e7-3a8fe37d8baa,1746606991958260294,928.44165,1160.3363,255,,4,8.786204,-34.959
92dd4baf-ea37-401c-98e7-3a8fe37d8baa,1746606991963255294,960.2377,1147.3745,255,,4,11.048247,-34.052143
92dd4baf-ea37-401c-98e7-3a8fe37d8baa,1746606991968380294,1084.1741,1103.1769,255,,4,19.641144,-30.83066
92dd4baf-ea37-401c-98e7-3a8fe37d8baa,1746606991973380294,1024.03,1121.3239,255,,4,15.493176,-32.199947
92dd4baf-ea37-401c-98e7-3a8fe37d8baa,1746606991978380294,984.3954,1028.6011,255,,4,12.145291,-26.40176
92dd4baf-ea37-401c-98e7-3a8fe37d8baa,1746606991983380294,983.0107,1024.5603,255,,4,12.0316305,-26.147528
92dd4baf-ea37-401c-98e7-3a8fe37d8baa,1746606991988383294,866.90594,837.3346,255,,4,3.8166275,-14.3212595
92dd4baf-ea37-401c-98e7-3a8fe37d8baa,1746606991993383294,790.4394,865.1027,255,,4,-1.2272756,-16.119095
92dd4baf-ea37-401c-98e7-3a8fe37d8baa,1746606991998380294,855.29694,748.7407,255,,4,3.0169148,-8.622929
92dd4baf-ea37-401c-98e7-3a8fe37d8baa,1746606992003380294,863.6728,780.3625,255,,4,3.574026,-10.6580925
92dd4baf-ea37-401c-98e7-3a8fe37d8baa,1746606992008381294,887.43787,740.2954,255,,4,5.102356,-8.069574
92dd4baf-ea37-401c-98e7-3a8fe37d8baa,1746606992013381294,774.7182,700.5803,255,,4,-2.2160275,-5.5180755
92dd4baf-ea37-401c-98e7-3a8fe37d8baa,1746606992018384294,844.63934,729.1857,255,,4,2.3197575,-7.36362
92dd4baf-ea37-401c-98e7-3a8fe37d8baa,1746606992023381294,777.9985,690.5612,255,,4,-2.002099,-4.871161
92dd4baf-ea37-401c-98e7-3a8fe37d8baa,1746606992028390294,783.5839,706.1019,255,,4,-1.6420935,-5.8753557
92dd4baf-ea37-401c-98e7-3a8fe37d8baa,1746606992033381294,872.3144,741.0072,255,,4,4.1204,-8.120118
92dd4baf-ea37-401c-98e7-3a8fe37d8baa,1746606992038381294,904.8858,797.1888,255,,4,6.276438,-11.721874
92dd4baf-ea37-401c-98e7-3a8fe37d8baa,1746606992043381294,931.5461,867.54785,255,,4,8.114435,-16.212355
92dd4baf-ea37-401c-98e7-3a8fe37d8baa,1746606992048386294,936.3643,825.57336,255,,4,8.368654,-13.520044
92dd4baf-ea37-401c-98e7-3a8fe37d8baa,1746606992053382294,969.8833,948.39734,255,,4,10.855943,-21.323078
92dd4baf-ea37-401c-98e7-3a8fe37d8baa,1746606992058382294,859.4763,1039.3807,255,,4,3.508388,-27.277048
92dd4baf-ea37-401c-98e7-3a8fe37d8baa,1746606992063382294,876.9418,1099.2184,255,,4,4.8422556,-31.10235
92dd4baf-ea37-401c-98e7-3a8fe37d8baa,1746606992068382294,868.19324,1102.5902,255,,4,4.223686,-31.328028
92dd4baf-ea37-401c-98e7-3a8fe37d8baa,1746606992073382294,968.9616,1094.0059,255,,4,11.380822,-30.609825
92dd4baf-ea37-401c-98e7-3a8fe37d8baa,1746606992078382294,988.2336,1119.2705,255,,4,12.904371,-32.176598
92dd4baf-ea37-401c-98e7-3a8fe37d8baa,1746606992083382294,889.994,1158.5157,255,,4,5.947544,-34.908035
92dd4baf-ea37-401c-98e7-3a8fe37d8baa,1746606992088382294,944.76636,1175.7617,255,,4,10.075765,-35.918236
92dd4baf-ea37-401c-98e7-3a8fe37d8baa,1746606992093383294,888.1532,1147.244,255,,4,5.777124,-34.18249
92dd4baf-ea37-401c-98e7-3a8fe37d8baa,1746606992098383294,1072.5122,1133.2704,255,,4,19.09229,-32.782787
92dd4baf-ea37-401c-98e7-3a8fe37d8baa,1746606992103383294,1014.6856,1151.066,255,,4,15.051796,-34.13021
92dd4baf-ea37-401c-98e7-3a8fe37d8baa,1746606992108508294,1028.7819,1149.2928,255,,4,16.066025,-33.968403
92dd4baf-ea37-401c-98e7-3a8fe37d8baa,1746606992113508294,963.2624,1183.8838,255,,4,11.50363,-36.39496
92dd4baf-ea37-401c-98e7-3a8fe37d8baa,1746606992118508294,991.0036,1180.7025,255,,4,13.5459175,-36.10808
92dd4baf-ea37-401c-98e7-3a8fe37d8baa,1746606992123516294,947.9336,1193.5305,255,,4,10.420409,-37.058216
92dd4baf-ea37-401c-98e7-3a8fe37d8baa,1746606992128508294,1001.4387,1166.8508,255,,4,14.207523,-35.184986
92dd4baf-ea37-401c-98e7-3a8fe37d8baa,1746606992133511294,982.18945,1167.1613,255,,4,12.789884,-35.264492
92dd4baf-ea37-401c-98e7-3a8fe37d8baa,1746606992138508294,927.9631,1163.2273,255,,4,8.765011,-35.14651
92dd4baf-ea37-401c-98e7-3a8fe37d8baa,1746606992143509294,986.2717,1161.0664,255,,4,13.0463505,-34.860855
92dd4baf-ea37-401c-98e7-3a8fe37d8baa,1746606992148508294,1002.8586,1183.4985,255,,4,14.451142,-36.24885
92dd4baf-ea37-401c-98e7-3a8fe37d8baa,1746606992153509294,894.01807,1161.8281,255,,4,6.2551756,-35.11629
92dd4baf-ea37-401c-98e7-3a8fe37d8baa,1746606992158509294,933.2317,1153.2435,255,,4,9.103495,-34.49177
92dd4baf-ea37-401c-98e7-3a8fe37d8baa,1746606992163509294,922.6163,1160.4865,255,,4,8.357877,-34.98034
92dd4baf-ea37-401c-98e7-3a8fe37d8baa,1746606992168509294,929.54205,1183.9308,255,,4,8.987722,-36.48068
92dd4baf-ea37-401c-98e7-3a8fe37d8baa,1746606992173509294,960.2671,1197.9827,255,,4,11.376943,-37.313263
92dd4baf-ea37-401c-98e7-3a8fe37d8baa,1746606992178509294,939.55853,1192.3992,255,,4,9.784997,-37.005627
92dd4baf-ea37-401c-98e7-3a8fe37d8baa,1746606992183509294,968.8723,1201.7649,255,,4,12.052476,-37.532974
92dd4baf-ea37-401c-98e7-3a8fe37d8baa,1746606992188509294,999.71216,1167.1329,255,,,14.082456,-35.208664
92dd4baf-ea37-401c-98e7-3a8fe37d8baa,1746606992193510294,940.6284,1133.993,255,,5,9.54844,-33.237133
92dd4baf-ea37-401c-98e7-3a8fe37d8baa,1746606992198510294,1004.58484,1174.7926,255,,5,14.505382,-35.68413
92dd4baf-ea37-401c-98e7-3a8fe37d8baa,1746606992203510294,1026.5605,1117.0884,255,,5,15.642375,-31.921707
92dd4baf-ea37-401c-98e7-3a8fe37d8baa,1746606992208510294,1103.2714,1037.763,255,,5,20.420277,-26.634048
92dd4baf-ea37-401c-98e7-3a8fe37d8baa,1746606992213510294,938.7372,969.97974,255,,5,8.812371,-22.748653
92dd4baf-ea37-401c-98e7-3a8fe37d8baa,1746606992218510294,783.83417,901.9897,255,,5,-1.6798508,-18.486275
92dd4baf-ea37-401c-98e7-3a8fe37d8baa,1746606992223522294,740.9954,795.371,255,,5,-4.4463024,-11.622399
92dd4baf-ea37-401c-98e7-3a8fe37d8baa,1746606992228510294,823.11237,733.9627,255,,5,0.9222736,-7.6742773
92dd4baf-ea37-401c-98e7-3a8fe37d8baa,1746606992233510294,803.07837,691.8188,255,,5,-0.3776753,-4.9533415
92dd4baf-ea37-401c-98e7-3a8fe37d8baa,1746606992238510294,780.04126,678.3526,255,,5,-1.8684801,-4.082479
92dd4baf-ea37-401c-98e7-3a8fe37d8baa,1746606992243636294,812.38574,685.60583,255,,5,0.22517084,-4.551822
92dd4baf-ea37-401c-98e7-3a8fe37d8baa,1746606992248637294,778.89734,693.7974,255,,5,-1.9442747,-5.080281
92dd4baf-ea37-401c-98e7-3a8fe37d8baa,1746606992253636294,792.7664,693.0256,255,,5,-1.0457224,-5.031117
92dd4baf-ea37-401c-98e7-3a8fe37d8baa,1746606992258637294,761.07355,698.3528,255,,5,-3.0998676,-5.3727975
92dd4baf-ea37-401c-98e7-3a8fe37d8baa,1746606992263636294,774.1785,680.60614,255,,5,-2.2482386,-4.2277365
92dd4baf-ea37-401c-98e7-3a8fe37d8baa,1746606992268636294,832.699,701.8948,255,,5,1.5416214,-5.6031795
92dd4baf-ea37-401c-98e7-3a8fe37d8baa,1746606992273636294,818.54584,726.80096,255,,5,0.62529695,-7.2123103
92dd4baf-ea37-401c-98e7-3a8fe37d8baa,1746606992278641294,819.2467,778.6255,255,,5,0.6735454,-10.554936
92dd4baf-ea37-401c-98e7-3a8fe37d8baa,1746606992283637294,858.8072,754.3849,255,,5,3.247024,-8.98594
92dd4baf-ea37-401c-98e7-3a8fe37d8baa,1746606992288637294,950.45825,852.8782,255,,5,9.337517,-15.2539425
92dd4baf-ea37-401c-98e7-3a8fe37d8baa,1746606992293637294,867.0934,939.7576,255,,5,3.9141011,-20.890657
92dd4baf-ea37-401c-98e7-3a8fe37d8baa,1746606992298639294,856.9241,1026.249,255,,5,3.314998,-26.437113
92dd4baf-ea37-401c-98e7-3a8fe37d8baa,1746606992303637294,949.0608,1027.6696,255,,5,9.698021,-26.413706
92dd4baf-ea37-401c-98e7-3a8fe37d8baa,1746606992308637294,843.4626,1058.3016,255,,5,2.4098067,-28.500746
92dd4baf-ea37-401c-98e7-3a8fe37d8baa,1746606992313637294,898.1588,1070.1345,255,,5,6.277319,-29.209925
92dd4baf-ea37-401c-98e7-3a8fe37d8baa,1746606992318638294,904.3125,1063.013,255,,5,6.691208,-28.745287
92dd4baf-ea37-401c-98e7-3a8fe37d8baa,1746606992323645294,818.55676,1084.263,255,,5,0.66648984,-30.177755
92dd4baf-ea37-401c-98e7-3a8fe37d8baa,1746606992328637294,909.536,1101.0302,255,,5,7.1756735,-31.17613
92dd4baf-ea37-401c-98e7-3a8fe37d8baa,1746606992333638294,956.0246,1102.9232,255,,5,10.5041,-31.210083
92dd4baf-ea37-401c-98e7-3a8fe37d8baa,1746606992338638294,978.5043,1141.6573,255,,5,12.344583,-33.637314
92dd4baf-ea37-401c-98e7-3a8fe37d8baa,1746606992343638294,887.6664,1104.9977,255,,5,5.6231236,-31.46155
92dd4baf-ea37-401c-98e7-3a8fe37d8baa,1746606992348638294,848.0986,1146.981,255,,5,2.8442545,-34.206997
92dd4baf-ea37-401c-98e7-3a8fe37d8baa,1746606992353638294,881.2106,1141.1129,255,,5,5.252292,-33.79574
92dd4baf-ea37-401c-98e7-3a8fe37d8baa,1746606992358641294,918.42456,1140.9258,255,,5,7.9651203,-33.727024
92dd4baf-ea37-401c-98e7-3a8fe37d8baa,1746606992363638294,897.769,1163.4059,255,,5,6.5375495,-35.212563
92dd4baf-ea37-401c-98e7-3a8fe37d8baa,1746606992368638294,871.3642,1151.9004,255,,5,4.5593286,-34.503895
92dd4baf-ea37-401c-98e7-3a8fe37d8baa,1746606992373638294,879.3014,1145.164,255,,5,5.123714,-34.059563
92dd4baf-ea37-401c-98e7-3a8fe37d8baa,1746606992378640294,906.41125,1139.2998,255,,5,7.0835137,-33.642876
92dd4baf-ea37-401c-98e7-3a8fe37d8baa,1746606992383763294,909.26556,1129.7957,255,,5,7.2561536,-33.02604
92dd4baf-ea37-401c-98e7-3a8fe37d8baa,1746606992388764294,999.9124,1117.49,255,,5,13.732108,-32.029713
92dd4baf-ea37-401c-98e7-3a8fe37d8baa,1746606992393764294,963.8749,1109.0972,255,,5,11.097014,-31.587574
92dd4baf-ea37-401c-98e7-3a8fe37d8baa,1746606992398764294,995.82025,1104.3921,255,,5,13.353695,-31.204721
92dd4baf-ea37-401c-98e7-3a8fe37d8baa,1746606992403764294,940.7117,1115.9346,255,,5,9.468766,-32.077
92dd4baf-ea37-401c-98e7-3a8fe37d8baa,1746606992408771294,938.39795,1108.6343,255,,5,9.269851,-31.613228
92dd4baf-ea37-401c-98e7-3a8fe37d8baa,1746606992413764294,944.2716,1116.5533,255,,5,9.727637,-32.109306
92dd4baf-ea37-401c-98e7-3a8fe37d8baa,1746606992418764294,911.47485,1092.5765,255,,5,7.2861037,-30.630466
92dd4baf-ea37-401c-98e7-3a8fe37d8baa,1746606992423764294,982.1796,1099.3741,255,,5,12.350791,-30.920546
92dd4baf-ea37-401c-98e7-3a8fe37d8baa,1746606992428764294,1000.25806,1147.2313,255,,5,13.968549,-33.931175
92dd4baf-ea37-401c-98e7-3a8fe37d8baa,1746606992433765294,963.95166,1147.5077,255,,5,11.320321,-34.05136
92dd4baf-ea37-401c-98e7-3a8fe37d8baa,1746606992438765294,915.6536,1148.5115,255,,5,7.7942357,-34.220913
92dd4baf-ea37-401c-98e7-3a8fe37d8baa,1746606992443774294,929.9577,1163.0177,255,,5,8.911095,-35.128864
92dd4baf-ea37-401c-98e7-3a8fe37d8baa,1746606992448765294,944.836,1125.8248,255,,5,9.813042,-32.703293
92dd4baf-ea37-401c-98e7-3a8fe37d8baa,1746606992453765294,922.2875,1123.1748,255,,5,8.172607,-32.577663
92dd4baf-ea37-401c-98e7-3a8fe37d8baa,1746606992458765294,899.19745,1117.1947,255,,5,6.4861383,-32.23056
92dd4baf-ea37-401c-98e7-3a8fe37d8baa,1746606992463775294,956.9705,1081.0238,255,,5,10.467415,-29.8065
92dd4baf-ea37-401c-98e7-3a8fe37d8baa,1746606992468765294,938.0998,1094.6581,255,,5,9.188612,-30.717674
92dd4baf-ea37-401c-98e7-3a8fe37d8baa,1746606992473773294,936.3365,1093.0219,255,,5,9.056386,-30.616184
92dd4baf-ea37-401c-98e7-3a8fe37d8baa,1746606992478765294,979.8739,1087.0153,255,,5,12.118128,-30.13678
92dd4baf-ea37-401c-98e7-3a8fe37d8baa,1746606992483767294,983.57153,1101.4663,255,,5,12.462083,-31.050667
92dd4baf-ea37-401c-98e7-3a8fe37d8baa,1746606992488769294,988.722,1092.2642,255,,,12.775022,-30.449493
92dd4baf-ea37-401c-98e7-3a8fe37d8baa,1746606992493773294,986.97986,1092.1323,255,,,12.650589,-30.4456
92dd4baf-ea37-401c-98e7-3a8fe37d8baa,1746606992498766294,979.0329,1103.1781,255,,,12.148153,-31.171732
92dd4baf-ea37-401c-98e7-3a8fe37d8baa,1746606992503766294,975.93713,1099.193,255,,,11.9050255,-30.924685
92dd4baf-ea37-401c-98e7-3a8fe37d8baa,1746606992508777294,1005.03925,1127.439,255,,,14.170449,-32.65023
92dd4baf-ea37-401c-98e7-3a8fe37d8baa,1746606992513766294,994.4426,1100.1813,255,,,13.229215,-30.939663
92dd4baf-ea37-401c-98e7-3a8fe37d8baa,1746606992518891294,1033.8778,1115.7134,255,,,16.156498,-31.809835
92dd4baf-ea37-401c-98e7-3a8fe37d8baa,1746606992523892294,984.8844,1106.3357,255,,,12.584514,-31.358469
92dd4baf-ea37-401c-98e7-3a8fe37d8baa,1746606992528892294,979.9952,1070.8126,255,,,12.041411,-29.102205
92dd4baf-ea37-401c-98e7-3a8fe37d8baa,1746606992533892294,968.24786,1075.1694,255,,,11.235954,-29.407602
92dd4baf-ea37-401c-98e7-3a8fe37d8baa,1746606992538892294,941.94104,1119.596,255,,,9.574258,-32.30948
92dd4baf-ea37-401c-98e7-3a8fe37d8baa,1746606992543893294,965.46967,1088.1049,255,,,11.102937,-30.240572
92dd4baf-ea37-401c-98e7-3a8fe37d8baa,1746606992548892294,955.39844,1102.1487,255,,,10.455599,-31.161856
92dd4baf-ea37-401c-98e7-3a8fe37d8baa,1746606992553892294,983.79834,1064.31,255,,,12.275256,-28.678337
92dd4baf-ea37-401c-98e7-3a8fe37d8baa,1746606992558892294,950.4258,1101.3401,255,,,10.096774,-31.120827
92dd4baf-ea37-401c-98e7-3a8fe37d8baa,1746606992563892294,952.3947,1100.5638,255,,,10.2336035,-31.066889
92dd4baf-ea37-401c-98e7-3a8fe37d8baa,1746606992568892294,977.0189,1071.1055,255,,,11.833548,-29.127934
92dd4baf-ea37-401c-98e7-3a8fe37d8baa,1746606992573893294,978.28595,1083.5499,255,,,11.987165,-29.919361
92dd4baf-ea37-401c-98e7-3a8fe37d8baa,1746606992578897294,985.7532,1064.2167,255,,,12.411853,-28.66767
92dd4baf-ea37-401c-98e7-3a8fe37d8baa,1746606992583894294,955.1832,1089.8795,255,,,10.38173,-30.37684
92dd4baf-ea37-401c-98e7-3a8fe37d8baa,1746606992588893294,956.59784,1100.4792,255,,,10.533032,-31.052292
92dd4baf-ea37-401c-98e7-3a8fe37d8baa,1746606992593893294,951.82965,1109.1306,255,,,10.234444,-31.617046
92dd4baf-ea37-401c-98e7-3a8fe37d8baa,1746606992598893294,1020.6013,1127.1315,255,,,15.291051,-32.581566
92dd4baf-ea37-401c-98e7-3a8fe37d8baa,1746606992603893294,1012.2692,1124.0098,255,,,14.666895,-32.408897
92dd4baf-ea37-401c-98e7-3a8fe37d8baa,1746606992608893294,997.2452,1132.833,255,,,13.645276,-33.018562
92dd4baf-ea37-401c-98e7-3a8fe37d8baa,1746606992613893294,989.6821,1116.0696,255,,,12.988123,-31.967878
92dd4baf-ea37-401c-98e7-3a8fe37d8baa,1746606992618894294,958.5581,1120.1665,255,,,10.773926,-32.30941
92dd4baf-ea37-401c-98e7-3a8fe37d8baa,1746606992623894294,949.1616,1145.9539,255,,,10.231329,-33.987362
92dd4baf-ea37-401c-98e7-3a8fe37d8baa,1746606992628894294,979.2234,1133.3744,255,,,12.343599,-33.104256
92dd4baf-ea37-401c-98e7-3a8fe37d8baa,1746606992633894294,976.8992,1134.3173,255,,,12.181095,-33.170937
92dd4baf-ea37-401c-98e7-3a8fe37d8baa,1746606992638903294,957.21674,1153.0312,255,,,10.860636,-34.42338
92dd4baf-ea37-401c-98e7-3a8fe37d8baa,1746606992643894294,955.23737,1151.386,255,,,10.706041,-34.32239
92dd4baf-ea37-401c-98e7-3a8fe37d8baa,1746606992648897294,985.4752,1150.3158,255,,,12.911372,-34.17316
92dd4baf-ea37-401c-98e7-3a8fe37d8baa,1746606992653894294,983.34955,1134.1877,255,2,,12.647857,-33.145103
92dd4baf-ea37-401c-98e7-3a8fe37d8baa,1746606992659019294,994.5334,1131.147,255,2,,13.437325,-32.918636
92dd4baf-ea37-401c-98e7-3a8fe37d8baa,1746606992664019294,950.88226,1138.5969,255,2,,10.316938,-33.510372
92dd4baf-ea37-401c-98e7-3a8fe37d8baa,1746606992669019294,959.2595,1141.0978,255,2,,10.940357,-33.651203
92dd4baf-ea37-401c-98e7-3a8fe37d8baa,1746606992674020294,930.25635,1157.477,255,2,,8.905801,-34.770855
92dd4baf-ea37-401c-98e7-3a8fe37d8baa,1746606992679023294,961.33887,1145.9078,255,2,,11.119978,-33.955135
92dd4baf-ea37-401c-98e7-3a8fe37d8baa,1746606992684020294,968.79364,1141.1028,255,2,,11.634366,-33.627563
92dd4baf-ea37-401c-98e7-3a8fe37d8baa,1746606992689020294,975.6073,1151.7114,255,2,,12.1991,-34.290565
92dd4baf-ea37-401c-98e7-3a8fe37d8baa,1746606992694020294,971.6959,1130.8362,255,2,,11.782793,-32.961388
92dd4baf-ea37-401c-98e7-3a8fe37d8baa,1746606992699020294,966.07477,1137.3398,255,2,,11.414024,-33.39296
92dd4baf-ea37-401c-98e7-3a8fe37d8baa,1746606992704020294,966.70404,1154.9244,255,2,,11.567676,-34.520954
92dd4baf-ea37-401c-98e7-3a8fe37d8baa,1746606992709020294,956.81604,1158.8375,255,2,,10.865792,-34.797997
92dd4baf-ea37-401c-98e7-3a8fe37d8baa,1746606992714022294,954.21484,1169.6204,255,2,,10.739345,-35.499027
92dd4baf-ea37-401c-98e7-3a8fe37d8baa,1746606992719021294,957.5105,1165.0759,255,2,,10.954892,-35.197926
92dd4baf-ea37-401c-98e7-3a8fe37d8baa,1746606992724021294,975.0373,1149.5623,255,2,,12.143276,-34.154114
92dd4baf-ea37-401c-98e7-3a8fe37d8baa,1746606992729021294,979.3938,1130.3593,255,2,,12.336899,-32.910564
92dd4baf-ea37-401c-98e7-3a8fe37d8baa,1746606992734025294,978.9008,1162.4775,255,,,12.514108,-34.973003
92dd4baf-ea37-401c-98e7-3a8fe37d8baa,1746606992739021294,926.3894,1166.4114,255,,,8.664361,-35.35525
92dd4baf-ea37-401c-98e7-3a8fe37d8baa,1746606992744021294,950.7183,1155.6548,255,,,10.39927,-34.607967
92dd4baf-ea37-401c-98e7-3a8fe37d8baa,1746606992749021294,944.9555,1144.5662,255,,,9.916915,-33.907658
92dd4baf-ea37-401c-98e7-3a8fe37d8baa,1746606992754021294,940.58276,1152.7495,255,,,9.639972,-34.44414
92dd4baf-ea37-401c-98e7-3a8fe37d8baa,1746606992759021294,918.45306,1146.3674,255,,,7.989996,-34.077614
92dd4baf-ea37-401c-98e7-3a8fe37d8baa,1746606992764022294,985.03455,1171.5763,255,,,13.032636,-35.539814
92dd4baf-ea37-401c-98e7-3a8fe37d8baa,1746606992769022294,979.65094,1159.5957,255,,,12.549161,-34.78568
92dd4baf-ea37-401c-98e7-3a8fe37d8baa,1746606992774025294,978.6213,1162.7144,255,,,12.495189,-34.98902
92dd4baf-ea37-401c-98e7-3a8fe37d8baa,1746606992779032294,955.7212,1150.9235,255,,,10.738778,-34.291466
92dd4baf-ea37-401c-98e7-3a8fe37d8baa,1746606992784025294,917.59064,1146.1196,255,,,7.925922,-34.063217
92dd4baf-ea37-401c-98e7-3a8fe37d8baa,1746606992789022294,924.48175,1147.4973,255,,,8.435666,-34.139088
92dd4baf-ea37-401c-98e7-3a8fe37d8baa,1746606992794147294,957.2606,1145.2451,255,,,10.8185,-33.922592
92dd4baf-ea37-401c-98e7-3a8fe37d8baa,1746606992799156294,955.8733,1145.7572,255,,,10.720186,-33.958866
92dd4baf-ea37-401c-98e7-3a8fe37d8baa,1746606992804147294,925.85956,1157.6056,255,,,8.583143,-34.788067
92dd4baf-ea37-401c-98e7-3a8fe37d8baa,1746606992809148294,934.0988,1135.0088,255,,,9.079295,-33.31602
92dd4baf-ea37-401c-98e7-3a8fe37d8baa,1746606992814148294,935.5974,1159.2219,255,,,9.307368,-34.872097
92dd4baf-ea37-401c-98e7-3a8fe37d8baa,1746606992819148294,1011.2311,1140.5394,255,,,14.716448,-33.46831
92dd4baf-ea37-401c-98e7-3a8fe37d8baa,1746606992824148294,1021.26807,1078.6012,255,,,14.992702,-29.488178
92dd4baf-ea37-401c-98e7-3a8fe37d8baa,1746606992829148294,1006.6879,1092.8815,255,,,14.054043,-30.439781
92dd4baf-ea37-401c-98e7-3a8fe37d8baa,1746606992834148294,952.45056,1063.3035,255,,,10.071694,-28.683016
92dd4baf-ea37-401c-98e7-3a8fe37d8baa,1746606992839154294,963.79193,1026.9688,255,,,10.714101,-26.3411
92dd4baf-ea37-401c-98e7-3a8fe37d8baa,1746606992844148294,965.7786,1040.6016,255,,,10.907286,-27.206547
92dd4baf-ea37-401c-98e7-3a8fe37d8baa,1746606992849148294,974.0346,1038.5566,255,,,11.471896,-27.058735
92dd4baf-ea37-401c-98e7-3a8fe37d8baa,1746606992854149294,1008.4287,1040.174,255,,,13.866793,-27.08038
92dd4baf-ea37-401c-98e7-3a8fe37d8baa,1746606992859152294,971.29315,1026.2411,255,,,11.229582,-26.279547
92dd4baf-ea37-401c-98e7-3a8fe37d8baa,1746606992864149294,944.1364,1055.6831,255,,,9.458848,-28.212006
92dd4baf-ea37-401c-98e7-3a8fe37d8baa,1746606992869151294,939.553,1025.815,255,,,9.034065,-26.311895
92dd4baf-ea37-401c-98e7-3a8fe37d8baa,1746606992874149294,968.1665,1014.43225,255,,,10.96677,-25.533268
92dd4baf-ea37-401c-98e7-3a8fe37d8baa,1746606992879149294,975.0799,989.3591,255,,,11.3455105,-23.922525
92dd4baf-ea37-401c-98e7-3a8fe37d8baa,1746606992884149294,985.749,994.9044,255,,,12.094939,-24.254124
92dd4baf-ea37-401c-98e7-3a8fe37d8baa,1746606992889156294,981.99603,998.4666,255,,,11.852673,-24.488564
92dd4baf-ea37-401c-98e7-3a8fe37d8baa,1746606992894149294,1014.19806,985.59375,255,,,13.994326,-23.599806
92dd4baf-ea37-401c-98e7-3a8fe37d8baa,1746606992899164294,1021.62366,969.8423,255,,,14.427961,-22.58324
92dd4baf-ea37-401c-98e7-3a8fe37d8baa,1746606992904150294,1034.2179,999.3562,255,,,15.425708,-24.423164
92dd4baf-ea37-401c-98e7-3a8fe37d8baa,1746606992909150294,988.6548,1002.94824,255,,,12.326667,-24.759762
92dd4baf-ea37-401c-98e7-3a8fe37d8baa,1746606992914150294,997.92957,1028.1796,255,,,13.07865,-26.34371
92dd4baf-ea37-401c-98e7-3a8fe37d8baa,1746606992919150294,986.1669,1037.2852,255,,,12.307919,-26.950737
92dd4baf-ea37-401c-98e7-3a8fe37d8baa,1746606992924156294,958.01605,1004.75183,255,,,10.23385,-24.935394
92dd4baf-ea37-401c-98e7-3a8fe37d8baa,1746606992929150294,954.6364,967.0625,255,,,9.882122,-22.538012
92dd4baf-ea37-401c-98e7-3a8fe37d8baa,1746606992934275294,1005.54803,973.2773,255,,,13.353962,-22.837194
92dd4baf-ea37-401c-98e7-3a8fe37d8baa,1746606992939275294,1012.2186,972.1253,255,,,13.801106,-22.7494
92dd4baf-ea37-401c-98e7-3a8fe37d8baa,1746606992944275294,1019.22046,966.3051,255,,,14.250069,-22.364347
92dd4baf-ea37-401c-98e7-3a8fe37d8baa,1746606992949275294,977.28143,982.85004,255,,,11.471623,-23.503841
92dd4baf-ea37-401c-98e7-3a8fe37d8baa,1746606992954276294,968.44495,939.82275,255,,,10.733663,-20.779114
92dd4baf-ea37-401c-98e7-3a8fe37d8baa,1746606992959276294,979.1182,920.87585,255,,,11.393888,-19.554537
92dd4baf-ea37-401c-98e7-3a8fe37d8baa,1746606992964276294,962.8692,942.6284,255,,,10.366942,-20.96693
92dd4baf-ea37-401c-98e7-3a8fe37d8baa,1746606992969276294,969.4918,931.33844,255,,,10.779541,-20.236742
92dd4baf-ea37-401c-98e7-3a8fe37d8baa,1746606992974276294,958.34753,935.23016,255,,,10.0427475,-20.502253
92dd4baf-ea37-401c-98e7-3a8fe37d8baa,1746606992979278294,961.7818,925.6204,255,,,10.247456,-19.884224
92dd4baf-ea37-401c-98e7-3a8fe37d8baa,1746606992984276294,928.2575,921.52374,255,,,7.993746,-19.66776
92dd4baf-ea37-401c-98e7-3a8fe37d8baa,1746606992989276294,931.3716,925.9939,255,,,8.211499,-19.949663
92dd4baf-ea37-401c-98e7-3a8fe37d8baa,1746606992994276294,918.2308,909.7976,255,,,7.3014445,-18.929205
92dd4baf-ea37-401c-98e7-3a8fe37d8baa,1746606992999277294,935.19214,911.7766,255,,,8.437592,-19.036562
92dd4baf-ea37-401c-98e7-3a8fe37d8baa,1746606993004276294,939.4977,914.935,255,,,8.731741,-19.23304
92dd4baf-ea37-401c-98e7-3a8fe37d8baa,1746606993009277294,944.70166,921.3557,255,,,9.093891,-19.636341
92dd4baf-ea37-401c-98e7-3a8fe37d8baa,1746606993014290294,942.27515,922.5461,255,,,8.934221,-19.715565
92dd4baf-ea37-401c-98e7-3a8fe37d8baa,1746606993019277294,949.37756,916.6064,255,,,9.39556,-19.326845
92dd4baf-ea37-401c-98e7-3a8fe37d8baa,1746606993024277294,937.18243,922.07947,255,,,8.592316,-19.692343
92dd4baf-ea37-401c-98e7-3a8fe37d8baa,1746606993029277294,952.15375,929.5243,255,,,9.612514,-20.147417
92dd4baf-ea37-401c-98e7-3a8fe37d8baa,1746606993034280294,952.8074,930.07104,255,,,9.657702,-20.181364
92dd4baf-ea37-401c-98e7-3a8fe37d8baa,1746606993039287294,955.8456,926.27234,255,,,9.85168,-19.934595
92dd4baf-ea37-401c-98e7-3a8fe37d8baa,1746606993044278294,1007.7919,970.44574,255,,,13.494308,-22.652493
92dd4baf-ea37-401c-98e7-3a8fe37d8baa,1746606993049278294,959.86127,971.29486,255,,,10.249176,-22.799204
92dd4baf-ea37-401c-98e7-3a8fe37d8baa,1746606993054278294,1006.28467,1022.45966,255,,,13.627114,-25.95988
92dd4baf-ea37-401c-98e7-3a8fe37d8baa,1746606993059284294,1036.4613,1066.4742,255,,,15.980012,-28.671978
92dd4baf-ea37-401c-98e7-3a8fe37d8baa,1746606993064278294,996.57245,1053.503,255,,,13.112699,-27.958435
92dd4baf-ea37-401c-98e7-3a8fe37d8baa,1746606993069403294,972.6066,1040.5559,255,,,11.381506,-27.18926
92dd4baf-ea37-401c-98e7-3a8fe37d8baa,1746606993074408294,961.38116,1081.911,255,,,10.783393,-29.853697
92dd4baf-ea37-401c-98e7-3a8fe37d8baa,1746606993079403294,989.4291,1114.0188,255,,,12.957005,-31.83745
92dd4baf-ea37-401c-98e7-3a8fe37d8baa,1746606993084406294,977.2269,1134.3828,255,,,12.205267,-33.174263
92dd4baf-ea37-401c-98e7-3a8fe37d8baa,1746606993089403294,963.5126,1137.0437,255,,,11.226173,-33.380367
92dd4baf-ea37-401c-98e7-3a8fe37d8baa,1746606993094404294,959.66016,1138.539,255,3,,10.954858,-33.485863
92dd4baf-ea37-401c-98e7-3a8fe37d8baa,1746606993099411294,977.5767,1112.9236,255,3,,12.100266,-31.798832
92dd4baf-ea37-401c-98e7-3a8fe37d8baa,1746606993104405294,975.3728,1142.557,255,3,,12.122417,-33.703533
92dd4baf-ea37-401c-98e7-3a8fe37d8baa,1746606993109404294,973.32263,1128.5968,255,3,,11.886994,-32.813618
92dd4baf-ea37-401c-98e7-3a8fe37d8baa,1746606993114404294,973.2362,1129.1097,255,3,,11.883839,-32.846718
92dd4baf-ea37-401c-98e7-3a8fe37d8baa,1746606993119404294,1004.29486,1139.5985,255,3,,14.2053995,-33.430058
92dd4baf-ea37-401c-98e7-3a8fe37d8baa,1746606993124404294,995.77673,1114.8247,255,3,,13.41753,-31.871273
92dd4baf-ea37-401c-98e7-3a8fe37d8baa,1746606993129404294,1001.18005,1123.5193,255,3,,13.864518,-32.41129
92dd4baf-ea37-401c-98e7-3a8fe37d8baa,1746606993134404294,979.7551,1131.138,255,3,,12.367949,-32.959488
92dd4baf-ea37-401c-98e7-3a8fe37d8baa,1746606993139404294,967.6076,1136.503,255,3,,11.520363,-33.335373
92dd4baf-ea37-401c-98e7-3a8fe37d8baa,1746606993144404294,967.98773,1134.1057,255,3,,11.533675,-33.180573
92dd4baf-ea37-401c-98e7-3a8fe37d8baa,1746606993149405294,960.6852,1128.4652,255,3,,10.9724865,-32.836697
92dd4baf-ea37-401c-98e7-3a8fe37d8baa,1746606993154405294,957.3095,1128.1909,255,3,,10.726873,-32.827114
92dd4baf-ea37-401c-98e7-3a8fe37d8baa,1746606993159405294,984.67426,1102.8152,255,3,,12.548635,-31.134008
92dd4baf-ea37-401c-98e7-3a8fe37d8baa,1746606993164405294,983.6651,1106.1925,255,3,,12.49652,-31.35252
92dd4baf-ea37-401c-98e7-3a8fe37d8baa,1746606993169405294,969.76227,1144.8583,255,3,,11.72811,-33.866158
92dd4baf-ea37-401c-98e7-3a8fe37d8baa,1746606993174405294,984.3142,1144.5938,255,3,,12.787227,-33.809456
92dd4baf-ea37-401c-98e7-3a8fe37d8baa,1746606993179405294,965.72736,1102.8411,255,,,11.196503,-31.182674
92dd4baf-ea37-401c-98e7-3a8fe37d8baa,1746606993184405294,959.4122,1149.775,255,,,11.00211,-34.208523
92dd4baf-ea37-401c-98e7-3a8fe37d8baa,1746606993189406294,938.1794,1102.8322,255,,,9.228958,-31.241516
92dd4baf-ea37-401c-98e7-3a8fe37d8baa,1746606993194406294,986.18665,1117.5571,255,,,12.746403,-32.07258
92dd4baf-ea37-401c-98e7-3a8fe37d8baa,1746606993199406294,961.12634,1100.0535,255,,,10.853894,-31.014877
92dd4baf-ea37-401c-98e7-3a8fe37d8baa,1746606993204406294,965.5832,1101.659,255,,,11.180029,-31.107365
92dd4baf-ea37-401c-98e7-3a8fe37d8baa,1746606993209531294,960.568,1091.3503,255,,,10.771065,-30.459179
92dd4baf-ea37-401c-98e7-3a8fe37d8baa,1746606993214531294,992.5412,1063.1455,255,,,12.882044,-28.58266
92dd4baf-ea37-401c-98e7-3a8fe37d8baa,1746606993219531294,962.17236,1116.8103,255,,,11.016036,-32.085762
92dd4baf-ea37-401c-98e7-3a8fe37d8baa,1746606993224538294,985.9012,1091.289,255,,,12.5692005,-30.394531
92dd4baf-ea37-401c-98e7-3a8fe37d8baa,1746606993229531294,985.48065,1099.4705,255,,,12.586508,-30.918175
92dd4baf-ea37-401c-98e7-3a8fe37d8baa,1746606993234532294,980.9558,1097.7324,255,,,12.254281,-30.818748
92dd4baf-ea37-401c-98e7-3a8fe37d8baa,1746606993239532294,975.0439,1096.8599,255,,,11.82863,-30.777712
92dd4baf-ea37-401c-98e7-3a8fe37d8baa,1746606993244532294,982.26245,1097.0188,255,,,12.343237,-30.769823
92dd4baf-ea37-401c-98e7-3a8fe37d8baa,1746606993249532294,969.4084,1124.8279,255,,,11.5820055,-32.58201
92dd4baf-ea37-401c-98e7-3a8fe37d8baa,1746606993254532294,971.2154,1120.5732,255,,,11.687628,-32.304813
92dd4baf-ea37-401c-98e7-3a8fe37d8baa,1746606993259532294,971.15137,1096.9443,255,,,11.552028,-30.792547
92dd4baf-ea37-401c-98e7-3a8fe37d8baa,1746606993264534294,945.3506,1135.5632,255,,,9.899075,-33.327847
92dd4baf-ea37-401c-98e7-3a8fe37d8baa,1746606993269532294,958.44257,1121.4742,255,,,10.772567,-32.393543
92dd4baf-ea37-401c-98e7-3a8fe37d8baa,1746606993274532294,956.31586,1108.4471,255,,,10.552375,-31.563307
92dd4baf-ea37-401c-98e7-3a8fe37d8baa,1746606993279532294,957.4445,1079.4717,255,,,10.4938135,-29.70624
92dd4baf-ea37-401c-98e7-3a8fe37d8baa,1746606993284533294,996.65466,1099.411,255,,,13.382,-30.88442
92dd4baf-ea37-401c-98e7-3a8fe37d8baa,1746606993289533294,976.27625,1094.8722,255,,,11.90547,-30.647625
92dd4baf-ea37-401c-98e7-3a8fe37d8baa,1746606993294533294,974.60376,1095.8606,255,,,11.791891,-30.714901
92dd4baf-ea37-401c-98e7-3a8fe37d8baa,1746606993299533294,969.2568,1083.5607,255,,,11.348489,-29.941416
92dd4baf-ea37-401c-98e7-3a8fe37d8baa,1746606993304533294,1000.46564,1124.5867,255,,,13.8204365,-32.481632
92dd4baf-ea37-401c-98e7-3a8fe37d8baa,1746606993309533294,962.31445,1066.9753,255,,,10.780135,-28.89723
92dd4baf-ea37-401c-98e7-3a8fe37d8baa,1746606993314533294,949.52374,1082.4625,255,,,9.947173,-29.914055
92dd4baf-ea37-401c-98e7-3a8fe37d8baa,1746606993319533294,970.3978,1128.7587,255,,,11.676501,-32.8315
92dd4baf-ea37-401c-98e7-3a8fe37d8baa,1746606993324533294,973.20044,1076.6501,255,,,11.592428,-29.49083
92dd4baf-ea37-401c-98e7-3a8fe37d8baa,1746606993329538294,981.0892,1075.816,255,,,12.144335,-29.418846
92dd4baf-ea37-401c-98e7-3a8fe37d8baa,1746606993334539294,960.5643,1109.7751,255,,,10.863442,-31.638725
92dd4baf-ea37-401c-98e7-3a8fe37d8baa,1746606993339538294,994.75525,1129.7681,255,,,13.443915,-32.82975
92dd4baf-ea37-401c-98e7-3a8fe37d8baa,1746606993344659294,1001.4904,1139.4695,255,,,14.000732,-33.430454
92dd4baf-ea37-401c-98e7-3a8fe37d8baa,1746606993349542294,998.2629,1147.9962,255,,,13.82868,-33.986324
92dd4baf-ea37-401c-98e7-3a8fe37d8baa,1746606993354660294,1000.5252,1115.1514,255,,,13.760371,-31.878532
92dd4baf-ea37-401c-98e7-3a8fe37d8baa,1746606993359659294,1030.3064,1083.6299,255,,,15.664355,-29.780539
92dd4baf-ea37-401c-98e7-3a8fe37d8baa,1746606993364662294,1053.9757,1081.1298,255,,,17.316284,-29.54513
92dd4baf-ea37-401c-98e7-3a8fe37d8baa,1746606993369659294,1013.76227,1119.3612,255,4,,14.740319,-32.107517
92dd4baf-ea37-401c-98e7-3a8fe37d8baa,1746606993374662294,1029.0063,1115.143,255,4,,15.802816,-31.789734
92dd4baf-ea37-401c-98e7-3a8fe37d8baa,1746606993379659294,1022.4526,1103.0847,255,4,,15.244585,-31.042765
92dd4baf-ea37-401c-98e7-3a8fe37d8baa,1746606993384661294,1046.1522,1113.3776,255,4,,17.01693,-31.619013
92dd4baf-ea37-401c-98e7-3a8fe37d8baa,1746606993389660294,1027.495,1134.3867,255,4,,15.846932,-33.021473
92dd4baf-ea37-401c-98e7-3a8fe37d8baa,1746606993394660294,1031.9966,1111.8413,255,4,,15.99148,-31.569618
92dd4baf-ea37-401c-98e7-3a8fe37d8baa,1746606993399674294,1031.7911,1131.8274,255,4,,16.136621,-32.84352
92dd4baf-ea37-401c-98e7-3a8fe37d8baa,1746606993404660294,1022.6109,1131.1731,255,4,,15.467782,-32.83286
92dd4baf-ea37-401c-98e7-3a8fe37d8baa,1746606993409660294,1035.2897,1111.2344,255,4,,16.222368,-31.52001
92dd4baf-ea37-401c-98e7-3a8fe37d8baa,1746606993414660294,1013.9243,1109.2073,255,4,,14.679236,-31.459276
92dd4baf-ea37-401c-98e7-3a8fe37d8baa,1746606993419660294,1024.5411,1120.3798,255,4,,15.5226555,-32.13809
92dd4baf-ea37-401c-98e7-3a8fe37d8baa,1746606993424660294,1035.2705,1110.5778,255,4,,16.215858,-31.47829
92dd4baf-ea37-401c-98e7-3a8fe37d8baa,1746606993429660294,981.663,1100.4319,255,4,,12.320042,-30.989468
92dd4baf-ea37-401c-98e7-3a8fe37d8baa,1746606993434661294,1017.36444,1115.2467,255,4,,14.968899,-31.833782
92dd4baf-ea37-401c-98e7-3a8fe37d8baa,1746606993439661294,1031.3422,1089.1594,255,4,,15.776506,-30.128803
92dd4baf-ea37-401c-98e7-3a8fe37d8baa,1746606993444670294,1025.197,1095.0753,255,,,15.38278,-30.524319
92dd4baf-ea37-401c-98e7-3a8fe37d8baa,1746606993449661294,1017.314,1124.0741,255,,,15.0307665,-32.397076
92dd4baf-ea37-401c-98e7-3a8fe37d8baa,1746606993454661294,1013.4386,1127.9199,255,,,14.780228,-32.6549
92dd4baf-ea37-401c-98e7-3a8fe37d8baa,1746606993459661294,1026.8992,1145.9373,255,,,15.900003,-33.760735
92dd4baf-ea37-401c-98e7-3a8fe37d8baa,1746606993464661294,1000.1178,1111.983,255,,,13.710047,-31.677336
92dd4baf-ea37-401c-98e7-3a8fe37d8baa,1746606993469662294,1000.8725,1118.274,255,,,13.806394,-32.07701
92dd4baf-ea37-401c-98e7-3a8fe37d8baa,1746606993474664294,1067.0469,1093.4972,255,,,18.339357,-30.282913
92dd4baf-ea37-401c-98e7-3a8fe37d8baa,1746606993479673294,991.0795,1124.506,255,,,13.143209,-32.503597
92dd4baf-ea37-401c-98e7-3a8fe37d8baa,1746606993484787294,1043.1765,1108.2826,255,,,16.76267,-31.305494
92dd4baf-ea37-401c-98e7-3a8fe37d8baa,1746606993489787294,987.3983,1094.775,255,,,12.695586,-30.613262
92dd4baf-ea37-401c-98e7-3a8fe37d8baa,1746606993494787294,1012.6404,1122.1946,255,,,14.680316,-32.291855
92dd4baf-ea37-401c-98e7-3a8fe37d8baa,1746606993499787294,1041.565,1115.7068,255,,,16.707495,-31.783142
92dd4baf-ea37-401c-98e7-3a8fe37d8baa,1746606993504787294,985.51526,1141.3245,255,,,12.852516,-33.596428
92dd4baf-ea37-401c-98e7-3a8fe37d8baa,1746606993509787294,1063.7881,1106.6235,255,,,18.219774,-31.126638
92dd4baf-ea37-401c-98e7-3a8fe37d8baa,1746606993514787294,1055.3566,1110.3655,255,,,17.65,-31.394861
92dd4baf-ea37-401c-98e7-3a8fe37d8baa,1746606993519787294,1018.42126,1113.6118,255,,,15.032706,-31.726213
92dd4baf-ea37-401c-98e7-3a8fe37d8baa,1746606993524788294,1017.7862,1115.2001,255,,,14.998801,-31.829485
92dd4baf-ea37-401c-98e7-3a8fe37d8baa,1746606993529788294,1021.5215,1113.3973,255,,,15.253246,-31.702745
92dd4baf-ea37-401c-98e7-3a8fe37d8baa,1746606993534791294,1055.9731,1090.049,255,,,17.52686,-30.103737
92dd4baf-ea37-401c-98e7-3a8fe37d8baa,1746606993539788294,1046.8915,1111.872,255,,,17.0574,-31.52072
92dd4baf-ea37-401c-98e7-3a8fe37d8baa,1746606993544788294,1035.3906,1114.8096,255,,,16.257769,-31.747196
92dd4baf-ea37-401c-98e7-3a8fe37d8baa,1746606993549788294,1074.349,1094.1593,255,,,18.862564,-30.297932
92dd4baf-ea37-401c-98e7-3a8fe37d8baa,1746606993554788294,1035.5767,1112.1113,255,,,16.249784,-31.57485
92dd4baf-ea37-401c-98e7-3a8fe37d8baa,1746606993559799294,1012.8137,1124.4939,255,,,14.709693,-32.438103
92dd4baf-ea37-401c-98e7-3a8fe37d8baa,1746606993564788294,1053.667,1116.1365,255,,,17.578468,-31.767454
92dd4baf-ea37-401c-98e7-3a8fe37d8baa,1746606993569788294,1018.2992,1099.4585,255,,,14.923163,-30.824621
92dd4baf-ea37-401c-98e7-3a8fe37d8baa,1746606993574789294,1010.0733,1120.139,255,,,14.480759,-32.168564
92dd4baf-ea37-401c-98e7-3a8fe37d8baa,1746606993579789294,983.0665,1113.1821,255,,,12.495509,-31.801073
92dd4baf-ea37-401c-98e7-3a8fe37d8baa,1746606993584789294,988.3986,1112.6508,255,,,12.874551,-31.75279
92dd4baf-ea37-401c-98e7-3a8fe37d8baa,1746606993589789294,1057.5728,1091.3861,255,,,17.650793,-30.18294
92dd4baf-ea37-401c-98e7-3a8fe37d8baa,1746606993594789294,1045.4928,1094.0397,255,,,16.815495,-30.392763
92dd4baf-ea37-401c-98e7-3a8fe37d8baa,1746606993599789294,1041.825,1102.1609,255,,,16.617836,-30.92101
92dd4baf-ea37-401c-98e7-3a8fe37d8baa,1746606993604789294,1027.7927,1102.5156,255,,,15.621017,-30.98966
92dd4baf-ea37-401c-98e7-3a8fe37d8baa,1746606993609789294,1030.9718,1103.091,255,,,15.8518095,-31.01605
92dd4baf-ea37-401c-98e7-3a8fe37d8baa,1746606993614789294,1036.5696,1108.2931,255,,,16.290874,-31.32858
92dd4baf-ea37-401c-98e7-3a8fe37d8baa,1746606993619792294,1043.5792,1097.9243,255,,,16.709675,-30.645916
92dd4baf-ea37-401c-98e7-3a8fe37d8baa,1746606993624798294,1047.2476,1088.148,255,,,16.894663,-30.01288
92dd4baf-ea37-401c-98e7-3a8fe37d8baa,1746606993629915294,1023.2892,1096.5708,255,,,15.257815,-30.62542
92dd4baf-ea37-401c-98e7-3a8fe37d8baa,1746606993634915294,1019.34283,1098.1702,255,,,14.98846,-30.73938
92dd4baf-ea37-401c-98e7-3a8fe37d8baa,1746606993639915294,1023.3386,1094.9967,255,,,15.250268,-30.52507
92dd4baf-ea37-401c-98e7-3a8fe37d8baa,1746606993644915294,1041.2798,1070.9558,255,,,16.348734,-28.941374
92dd4baf-ea37-401c-98e7-3a8fe37d8baa,1746606993649915294,1038.1095,1075.2694,255,,,16.156067,-29.225115
92dd4baf-ea37-401c-98e7-3a8fe37d8baa,1746606993654924294,1033.0626,1129.7185,255,,,16.211037,-32.704704
92dd4baf-ea37-401c-98e7-3a8fe37d8baa,1746606993659915294,1025.3457,1127.2399,255,,,15.63411,-32.572857
92dd4baf-ea37-401c-98e7-3a8fe37d8baa,1746606993664915294,1041.4869,1087.5244,255,,,16.482515,-29.992355
92dd4baf-ea37-401c-98e7-3a8fe37d8baa,1746606993669916294,1087.886,1071.7715,255,,,19.625898,-28.832891
92dd4baf-ea37-401c-98e7-3a8fe37d8baa,1746606993674918294,1079.8774,1075.5488,255,,,19.095097,-29.100874
92dd4baf-ea37-401c-98e7-3a8fe37d8baa,1746606993679916294,1020.80035,1070.3978,255,,,14.906907,-28.96791
92dd4baf-ea37-401c-98e7-3a8fe37d8baa,1746606993684916294,1041.3047,1118.6554,255,,,16.713036,-31.971622
92dd4baf-ea37-401c-98e7-3a8fe37d8baa,1746606993689916294,1043.2197,1109.4769,255,,,16.77536,-31.381268
92dd4baf-ea37-401c-98e7-3a8fe37d8baa,1746606993694916294,1030.4492,1103.3445,255,,,15.816457,-31.033878
92dd4baf-ea37-401c-98e7-3a8fe37d8baa,1746606993699921294,1006.80707,1092.0098,255,,,14.056918,-30.383883
92dd4baf-ea37-401c-98e7-3a8fe37d8baa,1746606993704916294,1014.6402,1094.3462,255,,,14.628167,-30.509968
92dd4baf-ea37-401c-98e7-3a8fe37d8baa,1746606993709916294,1001.52075,1120.1678,255,,,13.865925,-32.19611
92dd4baf-ea37-401c-98e7-3a8fe37d8baa,1746606993714917294,1006.98846,1097.551,255,,,14.10559,-30.736609
92dd4baf-ea37-401c-98e7-3a8fe37d8baa,1746606993719917294,984.05725,1113.6326,255,,,12.569296,-31.827251
92dd4baf-ea37-401c-98e7-3a8fe37d8baa,1746606993724917294,1020.6553,1068.4039,255,,,14.884115,-28.84158
92dd4baf-ea37-401c-98e7-3a8fe37d8baa,1746606993729917294,1023.76666,1120.2446,255,,,15.465945,-32.132
92dd4baf-ea37-401c-98e7-3a8fe37d8baa,1746606993734917294,1024.3987,1115.7969,255,,,15.47744,-31.846445
92dd4baf-ea37-401c-98e7-3a8fe37d8baa,1746606993739917294,1024.6681,1113.0994,255,,,15.476416,-31.673683
92dd4baf-ea37-401c-98e7-3a8fe37d8baa,1746606993744917294,1033.899,1115.2556,255,,,16.1544,-31.780615
92dd4baf-ea37-401c-98e7-3a8fe37d8baa,1746606993749917294,1013.576,1125.7849,255,,,14.774197,-32.51814
92dd4baf-ea37-401c-98e7-3a8fe37d8baa,1746606993754917294,1019.3555,1149.6049,255,,,15.380793,-34.02103
92dd4baf-ea37-401c-98e7-3a8fe37d8baa,1746606993760042294,1006.59546,1134.4187,255,,,14.33382,-33.091618
92dd4baf-ea37-401c-98e7-3a8fe37d8baa,1746606993765043294,1045.2262,1130.4141,255,,,17.09515,-32.705914
92dd4baf-ea37-401c-98e7-3a8fe37d8baa,1746606993770044294,1013.04315,1136.1676,255,,,14.814229,-33.183037
92dd4baf-ea37-401c-98e7-3a8fe37d8baa,1746606993775043294,1023.4231,1138.5101,255,,,15.585527,-33.298447
92dd4baf-ea37-401c-98e7-3a8fe37d8baa,1746606993780051294,997.8025,1149.4929,255,,,13.806202,-34.083637
92dd4baf-ea37-401c-98e7-3a8fe37d8baa,1746606993785043294,991.6173,1151.0455,255,,,13.365601,-34.201904
92dd4baf-ea37-401c-98e7-3a8fe37d8baa,1746606993790043294,974.33514,1136.7096,255,,,12.010047,-33.331165
92dd4baf-ea37-401c-98e7-3a8fe37d8baa,1746606993795043294,975.3291,1139.6362,255,,,12.100642,-33.51625
92dd4baf-ea37-401c-98e7-3a8fe37d8baa,1746606993800043294,987.5685,1133.4645,255,,,12.948802,-33.08698
92dd4baf-ea37-401c-98e7-3a8fe37d8baa,1746606993805043294,996.8208,1088.7587,255,,,13.328745,-30.204296
92dd4baf-ea37-401c-98e7-3a8fe37d8baa,1746606993810043294,1004.5048,1064.1079,255,,,13.725742,-28.613062
92dd4baf-ea37-401c-98e7-3a8fe37d8baa,1746606993815044294,961.90216,1093.4435,255,,,10.876133,-30.590115
92dd4baf-ea37-401c-98e7-3a8fe37d8baa,1746606993820044294,982.28326,1073.4417,255,,,12.216018,-29.264442
92dd4baf-ea37-401c-98e7-3a8fe37d8baa,1746606993825044294,979.65753,1075.8854,255,,,12.043788,-29.426727
92dd4baf-ea37-401c-98e7-3a8fe37d8baa,1746606993830044294,979.41675,1075.6455,255,,,12.025572,-29.411995
92dd4baf-ea37-401c-98e7-3a8fe37d8baa,1746606993835044294,972.6666,1088.9974,255,,,11.617824,-30.280876
92dd4baf-ea37-401c-98e7-3a8fe37d8baa,1746606993840044294,953.57965,1083.471,255,,,10.238671,-29.970192
92dd4baf-ea37-401c-98e7-3a8fe37d8baa,1746606993845044294,960.0464,1105.2175,255,,,10.80294,-31.347984
92dd4baf-ea37-401c-98e7-3a8fe37d8baa,1746606993850044294,961.25433,1101.9811,255,,,10.872772,-31.13799
92dd4baf-ea37-401c-98e7-3a8fe37d8baa,1746606993855045294,970.9324,1107.1875,255,,,11.591814,-31.448381
92dd4baf-ea37-401c-98e7-3a8fe37d8baa,1746606993860045294,987.13965,1101.1329,255,,,12.714526,-31.02004
92dd4baf-ea37-401c-98e7-3a8fe37d8baa,1746606993865045294,999.15204,1110.6632,255,,,13.63219,-31.595818
92dd4baf-ea37-401c-98e7-3a8fe37d8baa,1746606993870045294,1022.2043,1119.9551,255,,,15.351443,-32.118614
92dd4baf-ea37-401c-98e7-3a8fe37d8baa,1746606993875045294,986.9435,1122.4435,255,,,12.831746,-32.38315
92dd4baf-ea37-401c-98e7-3a8fe37d8baa,1746606993880045294,978.0651,1129.8632,255,,,12.237683,-32.88233
92dd4baf-ea37-401c-98e7-3a8fe37d8baa,1746606993885045294,983.5774,1124.9381,255,,,12.60495,-32.552032
92dd4baf-ea37-401c-98e7-3a8fe37d8baa,1746606993890048294,953.35876,1124.3754,255,,,10.421195,-32.59138
92dd4baf-ea37-401c-98e7-3a8fe37d8baa,1746606993895170294,986.61896,1135.3652,255,,,12.892651,-33.211414
92dd4baf-ea37-401c-98e7-3a8fe37d8baa,1746606993900170294,968.4665,1124.9993,255,,,11.515022,-32.595356
92dd4baf-ea37-401c-98e7-3a8fe37d8baa,1746606993905170294,932.7399,1103.9305,255,,,8.844821,-31.32244
92dd4baf-ea37-401c-98e7-3a8fe37d8baa,1746606993910171294,940.69556,1107.8832,255,5,,9.431105,-31.560444
92dd4baf-ea37-401c-98e7-3a8fe37d8baa,1746606993915171294,960.80054,1114.3524,255,5,,10.904369,-31.931461
92dd4baf-ea37-401c-98e7-3a8fe37d8baa,1746606993920171294,941.6936,1113.0786,255,5,,9.526194,-31.891708
92dd4baf-ea37-401c-98e7-3a8fe37d8baa,1746606993925174294,929.23676,1125.937,255,5,,8.686217,-32.74229
92dd4baf-ea37-401c-98e7-3a8fe37d8baa,1746606993930171294,966.5643,1100.6926,255,5,,11.24497,-31.043215
92dd4baf-ea37-401c-98e7-3a8fe37d8baa,1746606993935171294,951.2396,1102.1691,255,5,,10.158779,-31.172203
92dd4baf-ea37-401c-98e7-3a8fe37d8baa,1746606993940171294,931.9377,1103.2155,255,5,,8.784532,-31.278078
92dd4baf-ea37-401c-98e7-3a8fe37d8baa,1746606993945171294,939.32874,1113.0167,255,5,,9.356122,-31.89255
92dd4baf-ea37-401c-98e7-3a8fe37d8baa,1746606993950171294,931.29193,1082.657,255,5,,8.657572,-29.961388
92dd4baf-ea37-401c-98e7-3a8fe37d8baa,1746606993955172294,935.37085,1098.8624,255,5,,9.011697,-30.992413
92dd4baf-ea37-401c-98e7-3a8fe37d8baa,1746606993960174294,933.7692,1104.45,255,5,,8.920582,-31.353811
92dd4baf-ea37-401c-98e7-3a8fe37d8baa,1746606993965172294,951.99854,1100.0464,255,5,,10.2028885,-31.034595
92dd4baf-ea37-401c-98e7-3a8fe37d8baa,1746606993970174294,920.2133,1089.6875,255,5,,7.8975835,-30.431114
92dd4baf-ea37-401c-98e7-3a8fe37d8baa,1746606993975172294,915.8062,1115.1962,255,5,,7.6747007,-32.076077
92dd4baf-ea37-401c-98e7-3a8fe37d8baa,1746606993980172294,935.2527,1091.7533,255,5,,8.974157,-30.536934
92dd4baf-ea37-401c-98e7-3a8fe37d8baa,1746606993985172294,911.0764,1109.7131,255,,,7.3153305,-31.731472
92dd4baf-ea37-401c-98e7-3a8fe37d8baa,1746606993990181294,929.0135,1099.7206,255,,,8.561635,-31.059294
92dd4baf-ea37-401c-98e7-3a8fe37d8baa,1746606993995175294,936.6796,1103.6494,255,,,9.125282,-31.296862
92dd4baf-ea37-401c-98e7-3a8fe37d8baa,1746606994000173294,930.59985,1102.1035,255,,,8.684414,-31.209244
92dd4baf-ea37-401c-98e7-3a8fe37d8baa,1746606994005173294,946.10846,1125.151,255,,,9.901643,-32.657276
92dd4baf-ea37-401c-98e7-3a8fe37d8baa,1746606994010178294,945.47125,1121.8109,255,,,9.83927,-32.444202
92dd4baf-ea37-401c-98e7-3a8fe37d8baa,1746606994015173294,953.32135,1101.0178,255,,,10.301885,-31.093964
92dd4baf-ea37-401c-98e7-3a8fe37d8baa,1746606994020173294,957.4251,1115.9211,255,,,10.6701145,-32.03982
92dd4baf-ea37-401c-98e7-3a8fe37d8baa,1746606994025175294,968.0059,1116.9763,255,,,11.436284,-32.082348
92dd4baf-ea37-401c-98e7-3a8fe37d8baa,1746606994030173294,967.5121,1115.2937,255,,,11.391437,-31.975761
92dd4baf-ea37-401c-98e7-3a8fe37d8baa,1746606994035298294,951.7819,1102.6039,255,,,10.199569,-31.198889
92dd4baf-ea37-401c-98e7-3a8fe37d8baa,1746606994040298294,953.41016,1074.473,255,,,10.1867895,-29.395063
92dd4baf-ea37-401c-98e7-3a8fe37d8baa,1746606994045298294,945.0287,1082.3704,255,,,9.628709,-29.91717
92dd4baf-ea37-401c-98e7-3a8fe37d8baa,1746606994050298294,946.41705,1084.6079,255,,,9.736529,-30.057632
92dd4baf-ea37-401c-98e7-3a8fe37d8baa,1746606994055301294,958.14856,1094.4299,255,,,10.6140585,-30.661606
92dd4baf-ea37-401c-98e7-3a8fe37d8baa,1746606994060299294,957.2949,1093.7714,255,,,10.550176,-30.621328
92dd4baf-ea37-401c-98e7-3a8fe37d8baa,1746606994065299294,943.589,1098.7361,255,,,9.597187,-30.968164
92dd4baf-ea37-401c-98e7-3a8fe37d8baa,1746606994070299294,943.16254,1096.0961,255,,,9.555188,-30.799856
92dd4baf-ea37-401c-98e7-3a8fe37d8baa,1746606994075299294,943.4689,1101.4048,255,,,9.600472,-31.139446
92dd4baf-ea37-401c-98e7-3a8fe37d8baa,1746606994080299294,939.0666,1139.1665,255,,,9.460344,-33.57314
92dd4baf-ea37-401c-98e7-3a8fe37d8baa,1746606994085309294,971.68665,1124.5553,255,,,11.744803,-32.55878
92dd4baf-ea37-401c-98e7-3a8fe37d8baa,1746606994090299294,968.22327,1124.9286,255,,,11.497059,-32.591427
92dd4baf-ea37-401c-98e7-3a8fe37d8baa,1746606994095300294,965.2506,1120.9718,255,,,11.2603245,-32.34511
92dd4baf-ea37-401c-98e7-3a8fe37d8baa,1746606994100300294,988.61115,1159.543,255,,,13.207181,-34.756073
92dd4baf-ea37-401c-98e7-3a8fe37d8baa,1746606994105300294,913.2165,1114.0302,255,,,7.484241,-32.00544
92dd4baf-ea37-401c-98e7-3a8fe37d8baa,1746606994110300294,939.71454,1132.0905,255,,,9.472905,-33.116764
92dd4baf-ea37-401c-98e7-3a8fe37d8baa,1746606994115300294,952.2522,1124.8744,255,,,10.343898,-32.625908
92dd4baf-ea37-401c-98e7-3a8fe37d8baa,1746606994120303294,937.84906,1124.1229,255,,,9.300279,-32.60864
92dd4baf-ea37-401c-98e7-3a8fe37d8baa,1746606994125300294,935.6822,1129.1748,255,,,9.166994,-32.937683
92dd4baf-ea37-401c-98e7-3a8fe37d8baa,1746606994130312294,936.3088,1126.0271,255,,,9.197799,-32.73411
92dd4baf-ea37-401c-98e7-3a8fe37d8baa,1746606994135300294,958.6773,1141.4286,255,,,10.899868,-33.673878
92dd4baf-ea37-401c-98e7-3a8fe37d8baa,1746606994140300294,909.3343,1124.3252,255,,,7.241359,-32.673832
92dd4baf-ea37-401c-98e7-3a8fe37d8baa,1746606994145301294,952.721,1109.5387,255,,,10.300307,-31.641253
92dd4baf-ea37-401c-98e7-3a8fe37d8baa,1746606994150301294,930.6787,1124.3861,255,,,8.783657,-32.63982
92dd4baf-ea37-401c-98e7-3a8fe37d8baa,1746606994155301294,965.4659,1122.0465,255,,,11.281839,-32.413475
92dd4baf-ea37-401c-98e7-3a8fe37d8baa,1746606994160301294,941.6887,1128.5419,255,,,9.598731,-32.884544
92dd4baf-ea37-401c-98e7-3a8fe37d8baa,1746606994165301294,941.8041,1128.4575,255,,,9.606674,-32.87888
92dd4baf-ea37-401c-98e7-3a8fe37d8baa,1746606994170437294,948.57153,1127.6692,255,,,10.092274,-32.81357
92dd4baf-ea37-401c-98e7-3a8fe37d8baa,1746606994175426294,989.4655,1128.4244,255,,,13.05258,-32.75892
92dd4baf-ea37-401c-98e7-3a8fe37d8baa,1746606994180426294,976.18134,1151.2842,255,,,12.238277,-34.261547
92dd4baf-ea37-401c-98e7-3a8fe37d8baa,1746606994185426294,966.7799,1139.0114,255,,,11.475229,-33.49847
92dd4baf-ea37-401c-98e7-3a8fe37d8baa,1746606994190426294,968.8717,1136.2787,255,,,11.610788,-33.31774
92dd4baf-ea37-401c-98e7-3a8fe37d8baa,1746606994195436294,984.5778,1133.3584,255,,,12.731444,-33.08856
92dd4baf-ea37-401c-98e7-3a8fe37d8baa,1746606994200427294,981.22876,1127.8058,255,,,12.453497,-32.742035
92dd4baf-ea37-401c-98e7-3a8fe37d8baa,1746606994205427294,943.74756,1105.3462,255,,,9.638121,-31.39154
92dd4baf-ea37-401c-98e7-3a8fe37d8baa,1746606994210427294,913.3374,1132.4768,255,,,7.561456,-33.191856
92dd4baf-ea37-401c-98e7-3a8fe37d8baa,1746606994215429294,982.9902,1081.4089,255,,,12.30826,-29.771133
92dd4baf-ea37-401c-98e7-3a8fe37d8baa,1746606994220427294,967.28204,1100.5636,255,,,11.29548,-31.033264
92dd4baf-ea37-401c-98e7-3a8fe37d8baa,1746606994225427294,924.24506,1112.9757,255,,,8.272732,-31.918722
92dd4baf-ea37-401c-98e7-3a8fe37d8baa,1746606994230433294,952.2141,1083.429,255,,,10.141833,-29.970356
92dd4baf-ea37-401c-98e7-3a8fe37d8baa,1746606994235432294,939.50464,1084.8148,255,,,9.247721,-30.084406
92dd4baf-ea37-401c-98e7-3a8fe37d8baa,1746606994240428294,940.7695,1096.1571,255,,,9.385035,-30.808529
92dd4baf-ea37-401c-98e7-3a8fe37d8baa,1746606994245438294,897.94586,1082.6897,255,,,6.295822,-30.015497
92dd4baf-ea37-401c-98e7-3a8fe37d8baa,1746606994250428294,970.30524,1083.7286,255,,,11.423518,-29.94973
92dd4baf-ea37-401c-98e7-3a8fe37d8baa,1746606994255435294,969.17096,1097.7601,255,,,11.415342,-30.849442
92dd4baf-ea37-401c-98e7-3a8fe37d8baa,1746606994260428294,1007.28253,1081.6442,255,,,14.025424,-29.722073
92dd4baf-ea37-401c-98e7-3a8fe37d8baa,1746606994265440294,960.5495,1118.4624,255,,,10.908187,-32.195488
92dd4baf-ea37-401c-98e7-3a8fe37d8baa,1746606994270436294,926.9106,1096.8442,255,,,8.40047,-30.878588
92dd4baf-ea37-401c-98e7-3a8fe37d8baa,1746606994275431294,942.0594,1090.0541,255,,,9.450734,-30.414995
92dd4baf-ea37-401c-98e7-3a8fe37d8baa,1746606994280435294,933.99225,1096.798,255,,,8.904934,-30.86266
92dd4baf-ea37-401c-98e7-3a8fe37d8baa,1746606994285432294,917.4722,1104.1327,255,,,7.75374,-31.362587
92dd4baf-ea37-401c-98e7-3a8fe37d8baa,1746606994290429294,931.7762,1115.7771,255,,,8.82554,-32.08463
92dd4baf-ea37-401c-98e7-3a8fe37d8baa,1746606994295431294,959.6517,1063.0259,255,,,10.575673,-28.650585
92dd4baf-ea37-401c-98e7-3a8fe37d8baa,1746606994300429294,925.7965,1106.2354,255,,,8.357365,-31.48314
92dd4baf-ea37-401c-98e7-3a8fe37d8baa,1746606994305429294,936.98114,1110.3639,255,,,9.175887,-31.727005
92dd4baf-ea37-401c-98e7-3a8fe37d8baa,1746606994310554294,959.0452,1116.6619,255,,,10.7904415,-32.08357
92dd4baf-ea37-401c-98e7-3a8fe37d8baa,1746606994315554294,981.9437,1102.3586,255,,,12.35116,-31.111906
92dd4baf-ea37-401c-98e7-3a8fe37d8baa,1746606994320554294,946.43396,1112.6593,255,,,9.864528,-31.854908
92dd4baf-ea37-401c-98e7-3a8fe37d8baa,1746606994325554294,954.54596,1111.1705,255,,,10.439206,-31.7418
92dd4baf-ea37-401c-98e7-3a8fe37d8baa,1746606994330559294,933.74866,1087.3701,255,,,8.849875,-30.258877
92dd4baf-ea37-401c-98e7-3a8fe37d8baa,1746606994335555294,936.7324,1107.4297,255,,,9.145302,-31.53923
92dd4baf-ea37-401c-98e7-3a8fe37d8baa,1746606994340555294,961.8634,1100.6843,255,,,10.909649,-31.053583
92dd4baf-ea37-401c-98e7-3a8fe37d8baa,1746606994345555294,918.1206,1108.6262,255,,,7.816591,-31.650057
92dd4baf-ea37-401c-98e7-3a8fe37d8baa,1746606994350556294,951.94305,1137.3953,255,,,10.38759,-33.430702
92dd4baf-ea37-401c-98e7-3a8fe37d8baa,1746606994355555294,939.7645,1130.1409,255,,,9.467147,-32.99135
92dd4baf-ea37-401c-98e7-3a8fe37d8baa,1746606994360555294,975.3984,1116.558,255,,,11.965152,-32.037056
92dd4baf-ea37-401c-98e7-3a8fe37d8baa,1746606994365558294,961.7875,1119.3823,255,,,11.002225,-32.251537
92dd4baf-ea37-401c-98e7-3a8fe37d8baa,1746606994370555294,919.9063,1127.9636,255,,,8.019782,-32.889927
92dd4baf-ea37-401c-98e7-3a8fe37d8baa,1746606994375555294,912.9459,1118.0854,255,,,7.4794188,-32.266582
92dd4baf-ea37-401c-98e7-3a8fe37d8baa,1746606994380556294,920.03107,1115.6951,255,,,7.980468,-32.1009
92dd4baf-ea37-401c-98e7-3a8fe37d8baa,1746606994385556294,909.3741,1114.4548,255,,,7.2094827,-32.03894
92dd4baf-ea37-401c-98e7-3a8fe37d8baa,1746606994390561294,925.70215,1117.0924,255,,,8.394056,-32.180523
92dd4baf-ea37-401c-98e7-3a8fe37d8baa,1746606994395566294,929.0164,1117.9125,255,,,8.636029,-32.227036
92dd4baf-ea37-401c-98e7-3a8fe37d8baa,1746606994400556294,955.63873,1119.542,255,,,10.560428,-32.276093
92dd4baf-ea37-401c-98e7-3a8fe37d8baa,1746606994405556294,919.36847,1111.182,255,,,7.9156423,-31.81209
92dd4baf-ea37-401c-98e7-3a8fe37d8baa,1746606994410568294,896.65704,1118.2863,255,,,6.306484,-32.304417
92dd4baf-ea37-401c-98e7-3a8fe37d8baa,1746606994415568294,909.3247,1109.5914,255,,,7.189252,-31.726425
92dd4baf-ea37-401c-98e7-3a8fe37d8baa,1746606994420556294,928.78076,1126.3846,255,,,8.655188,-32.77194
92dd4baf-ea37-401c-98e7-3a8fe37d8baa,1746606994425563294,926.43304,1125.4954,255,,,8.481667,-32.71922
92dd4baf-ea37-401c-98e7-3a8fe37d8baa,1746606994430557294,922.1835,1113.3524,255,,,8.126115,-31.946596
92dd4baf-ea37-401c-98e7-3a8fe37d8baa,1746606994435557294,922.52374,1069.4313,255,,,7.9913826,-29.129253
92dd4baf-ea37-401c-98e7-3a8fe37d8baa,1746606994440557294,924.0863,1115.7622,255,,,8.272424,-32.098007
92dd4baf-ea37-401c-98e7-3a8fe37d8baa,1746606994445557294,937.31506,1112.2351,255,,,9.208078,-31.846424
92dd4baf-ea37-401c-98e7-3a8fe37d8baa,1746606994450689294,931.3666,1103.544,255,,,8.745052,-31.30022
92dd4baf-ea37-401c-98e7-3a8fe37d8baa,1746606994455690294,902.0946,1094.8871,255,,,6.6254473,-30.792704
92dd4baf-ea37-401c-98e7-3a8fe37d8baa,1746606994460682294,922.8781,1137.2738,255,,,8.273974,-33.48365
92dd4baf-ea37-401c-98e7-3a8fe37d8baa,1746606994465682294,939.01434,1084.4882,255,,,9.211658,-30.064415
92dd4baf-ea37-401c-98e7-3a8fe37d8baa,1746606994470682294,935.195,1111.4216,255,,,9.052377,-31.798395
92dd4baf-ea37-401c-98e7-3a8fe37d8baa,1746606994475686294,903.8764,1105.7396,255,,,6.7861066,-31.487211
92dd4baf-ea37-401c-98e7-3a8fe37d8baa,1746606994480683294,936.262,1063.2125,255,,,8.93528,-28.707802
92dd4baf-ea37-401c-98e7-3a8fe37d8baa,1746606994485683294,933.56714,1067.3137,255,,,8.760994,-28.974985
