recording id,timestamp [ns]
92dd4baf-ea37-401c-98e7-3a8fe37d8baa,1746606988948379294
92dd4baf-ea37-401c-98e7-3a8fe37d8baa,1746606988961442294
92dd4baf-ea37-401c-98e7-3a8fe37d8baa,1746606988994784294
92dd4baf-ea37-401c-98e7-3a8fe37d8baa,1746606989028127294
92dd4baf-ea37-401c-98e7-3a8fe37d8baa,1746606989061469294
92dd4baf-ea37-401c-98e7-3a8fe37d8baa,1746606989094811294
92dd4baf-ea37-401c-98e7-3a8fe37d8baa,1746606989128154294
92dd4baf-ea37-401c-98e7-3a8fe37d8baa,1746606989161496294
92dd4baf-ea37-401c-98e7-3a8fe37d8baa,1746606989194839294
92dd4baf-ea37-401c-98e7-3a8fe37d8baa,1746606989228181294
92dd4baf-ea37-401c-98e7-3a8fe37d8baa,1746606989261524294
92dd4baf-ea37-401c-98e7-3a8fe37d8baa,1746606989294866294
92dd4baf-ea37-401c-98e7-3a8fe37d8baa,1746606989328209294
92dd4baf-ea37-401c-98e7-3a8fe37d8baa,1746606989361551294
92dd4baf-ea37-401c-98e7-3a8fe37d8baa,1746606989394893294
92dd4baf-ea37-401c-98e7-3a8fe37d8baa,1746606989428236294
92dd4baf-ea37-401c-98e7-3a8fe37d8baa,1746606989461578294
92dd4baf-ea37-401c-98e7-3a8fe37d8baa,1746606989494921294
92dd4baf-ea37-401c-98e7-3a8fe37d8baa,1746606989528263294
92dd4baf-ea37-401c-98e7-3a8fe37d8baa,1746606989561606294
92dd4baf-ea37-401c-98e7-3a8fe37d8baa,1746606989594948294
92dd4baf-ea37-401c-98e7-3a8fe37d8baa,1746606989628291294
92dd4baf-ea37-401c-98e7-3a8fe37d8baa,1746606989661633294
92dd4baf-ea37-401c-98e7-3a8fe37d8baa,1746606989694975294
92dd4baf-ea37-401c-98e7-3a8fe37d8baa,1746606989728318294
92dd4baf-ea37-401c-98e7-3a8fe37d8baa,1746606989761660294
92dd4baf-ea37-401c-98e7-3a8fe37d8baa,1746606989795003294
92dd4baf-ea37-401c-98e7-3a8fe37d8baa,1746606989828345294
92dd4baf-ea37-401c-98e7-3a8fe37d8baa,1746606989861688294
92dd4baf-ea37-401c-98e7-3a8fe37d8baa,1746606989895030294
92dd4baf-ea37-401c-98e7-3a8fe37d8baa,1746606989928373294
92dd4baf-ea37-401c-98e7-3a8fe37d8baa,1746606989961715294
92dd4baf-ea37-401c-98e7-3a8fe37d8baa,1746606989995058294
92dd4baf-ea37-401c-98e7-3a8fe37d8baa,1746606990028400294
92dd4baf-ea37-401c-98e7-3a8fe37d8baa,1746606990061742294
92dd4baf-ea37-401c-98e7-3a8fe37d8baa,1746606990095085294
92dd4baf-ea37-401c-98e7-3a8fe37d8baa,1746606990128427294
92dd4baf-ea37-401c-98e7-3a8fe37d8baa,1746606990161770294
92dd4baf-ea37-401c-98e7-3a8fe37d8baa,1746606990195112294
92dd4baf-ea37-401c-98e7-3a8fe37d8baa,1746606990228455294
92dd4baf-ea37-401c-98e7-3a8fe37d8baa,1746606990261797294
92dd4baf-ea37-401c-98e7-3a8fe37d8baa,1746606990295140294
92dd4baf-ea37-401c-98e7-3a8fe37d8baa,1746606990328482294
92dd4baf-ea37-401c-98e7-3a8fe37d8baa,1746606990361824294
92dd4baf-ea37-401c-98e7-3a8fe37d8baa,1746606990395167294
92dd4baf-ea37-401c-98e7-3a8fe37d8baa,1746606990428509294
92dd4baf-ea37-401c-98e7-3a8fe37d8baa,1746606990461852294
92dd4baf-ea37-401c-98e7-3a8fe37d8baa,1746606990495194294
92dd4baf-ea37-401c-98e7-3a8fe37d8baa,1746606990528537294
92dd4baf-ea37-401c-98e7-3a8fe37d8baa,1746606990561879294
92dd4baf-ea37-401c-98e7-3a8fe37d8baa,1746606990595222294
92dd4baf-ea37-401c-98e7-3a8fe37d8baa,1746606990628564294
92dd4baf-ea37-401c-98e7-3a8fe37d8baa,1746606990661906294
92dd4baf-ea37-401c-98e7-3a8fe37d8baa,1746606990695249294
92dd4baf-ea37-401c-98e7-3a8fe37d8baa,1746606990728591294
92dd4baf-ea37-401c-98e7-3a8fe37d8baa,1746606990761934294
92dd4baf-ea37-401c-98e7-3a8fe37d8baa,1746606990795276294
92dd4baf-ea37-401c-98e7-3a8fe37d8baa,1746606990828619294
92dd4baf-ea37-401c-98e7-3a8fe37d8baa,1746606990861961294
92dd4baf-ea37-401c-98e7-3a8fe37d8baa,1746606990895304294
92dd4baf-ea37-401c-98e7-3a8fe37d8baa,1746606990928646294
92dd4baf-ea37-401c-98e7-3a8fe37d8baa,1746606990961988294
92dd4baf-ea37-401c-98e7-3a8fe37d8baa,1746606990995331294
92dd4baf-ea37-401c-98e7-3a8fe37d8baa,1746606991028673294
92dd4baf-ea37-401c-98e7-3a8fe37d8baa,1746606991062016294
92dd4baf-ea37-401c-98e7-3a8fe37d8baa,1746606991095358294
92dd4baf-ea37-401c-98e7-3a8fe37d8baa,1746606991128701294
92dd4baf-ea37-401c-98e7-3a8fe37d8baa,1746606991162043294
92dd4baf-ea37-401c-98e7-3a8fe37d8baa,1746606991195386294
92dd4baf-ea37-401c-98e7-3a8fe37d8baa,1746606991228728294
92dd4baf-ea37-401c-98e7-3a8fe37d8baa,1746606991262071294
92dd4baf-ea37-401c-98e7-3a8fe37d8baa,1746606991295413294
92dd4baf-ea37-401c-98e7-3a8fe37d8baa,1746606991328755294
92dd4baf-ea37-401c-98e7-3a8fe37d8baa,1746606991362098294
92dd4baf-ea37-401c-98e7-3a8fe37d8baa,1746606991395440294
92dd4baf-ea37-401c-98e7-3a8fe37d8baa,1746606991428783294
92dd4baf-ea37-401c-98e7-3a8fe37d8baa,1746606991462125294
92dd4baf-ea37-401c-98e7-3a8fe37d8baa,1746606991495468294
92dd4baf-ea37-401c-98e7-3a8fe37d8baa,1746606991528810294
92dd4baf-ea37-401c-98e7-3a8fe37d8baa,1746606991562153294
92dd4baf-ea37-401c-98e7-3a8fe37d8baa,1746606991595495294
92dd4baf-ea37-401c-98e7-3a8fe37d8baa,1746606991628837294
92dd4baf-ea37-401c-98e7-3a8fe37d8baa,1746606991662180294
92dd4baf-ea37-401c-98e7-3a8fe37d8baa,1746606991695522294
92dd4baf-ea37-401c-98e7-3a8fe37d8baa,1746606991728865294
92dd4baf-ea37-401c-98e7-3a8fe37d8baa,1746606991762207294
92dd4baf-ea37-401c-98e7-3a8fe37d8baa,1746606991795550294
92dd4baf-ea37-401c-98e7-3a8fe37d8baa,1746606991828892294
92dd4baf-ea37-401c-98e7-3a8fe37d8baa,1746606991862235294
92dd4baf-ea37-401c-98e7-3a8fe37d8baa,1746606991895577294
92dd4baf-ea37-401c-98e7-3a8fe37d8baa,1746606991928919294
92dd4baf-ea37-401c-98e7-3a8fe37d8baa,1746606991962262294
92dd4baf-ea37-401c-98e7-3a8fe37d8baa,1746606991995604294
92dd4baf-ea37-401c-98e7-3a8fe37d8baa,1746606992028947294
92dd4baf-ea37-401c-98e7-3a8fe37d8baa,1746606992062289294
92dd4baf-ea37-401c-98e7-3a8fe37d8baa,1746606992095632294
92dd4baf-ea37-401c-98e7-3a8fe37d8baa,1746606992128974294
92dd4baf-ea37-401c-98e7-3a8fe37d8baa,1746606992162317294
92dd4baf-ea37-401c-98e7-3a8fe37d8baa,1746606992195659294
92dd4baf-ea37-401c-98e7-3a8fe37d8baa,1746606992229001294
92dd4baf-ea37-401c-98e7-3a8fe37d8baa,1746606992262344294
92dd4baf-ea37-401c-98e7-3a8fe37d8baa,1746606992295686294
92dd4baf-ea37-401c-98e7-3a8fe37d8baa,1746606992329029294
92dd4baf-ea37-401c-98e7-3a8fe37d8baa,1746606992362371294
92dd4baf-ea37-401c-98e7-3a8fe37d8baa,1746606992395714294
92dd4baf-ea37-401c-98e7-3a8fe37d8baa,1746606992429056294
92dd4baf-ea37-401c-98e7-3a8fe37d8baa,1746606992462399294
92dd4baf-ea37-401c-98e7-3a8fe37d8baa,1746606992495741294
92dd4baf-ea37-401c-98e7-3a8fe37d8baa,1746606992529083294
92dd4baf-ea37-401c-98e7-3a8fe37d8baa,1746606992562426294
92dd4baf-ea37-401c-98e7-3a8fe37d8baa,1746606992595768294
92dd4baf-ea37-401c-98e7-3a8fe37d8baa,1746606992629111294
92dd4baf-ea37-401c-98e7-3a8fe37d8baa,1746606992662453294
92dd4baf-ea37-401c-98e7-3a8fe37d8baa,1746606992695796294
92dd4baf-ea37-401c-98e7-3a8fe37d8baa,1746606992729138294
92dd4baf-ea37-401c-98e7-3a8fe37d8baa,1746606992762481294
92dd4baf-ea37-401c-98e7-3a8fe37d8baa,1746606992795823294
92dd4baf-ea37-401c-98e7-3a8fe37d8baa,1746606992829165294
92dd4baf-ea37-401c-98e7-3a8fe37d8baa,1746606992862508294
92dd4baf-ea37-401c-98e7-3a8fe37d8baa,1746606992895850294
92dd4baf-ea37-401c-98e7-3a8fe37d8baa,1746606992929193294
92dd4baf-ea37-401c-98e7-3a8fe37d8baa,1746606992962535294
92dd4baf-ea37-401c-98e7-3a8fe37d8baa,1746606992995878294
92dd4baf-ea37-401c-98e7-3a8fe37d8baa,1746606993029220294
92dd4baf-ea37-401c-98e7-3a8fe37d8baa,1746606993062563294
92dd4baf-ea37-401c-98e7-3a8fe37d8baa,1746606993095905294
92dd4baf-ea37-401c-98e7-3a8fe37d8baa,1746606993129248294
92dd4baf-ea37-401c-98e7-3a8fe37d8baa,1746606993162590294
92dd4baf-ea37-401c-98e7-3a8fe37d8baa,1746606993195932294
92dd4baf-ea37-401c-98e7-3a8fe37d8baa,1746606993229275294
92dd4baf-ea37-401c-98e7-3a8fe37d8baa,1746606993262617294
92dd4baf-ea37-401c-98e7-3a8fe37d8baa,1746606993295960294
92dd4baf-ea37-401c-98e7-3a8fe37d8baa,1746606993329302294
92dd4baf-ea37-401c-98e7-3a8fe37d8baa,1746606993362645294
92dd4baf-ea37-401c-98e7-3a8fe37d8baa,1746606993395987294
92dd4baf-ea37-401c-98e7-3a8fe37d8baa,1746606993429330294
92dd4baf-ea37-401c-98e7-3a8fe37d8baa,1746606993462672294
92dd4baf-ea37-401c-98e7-3a8fe37d8baa,1746606993496014294
92dd4baf-ea37-401c-98e7-3a8fe37d8baa,1746606993529357294
92dd4baf-ea37-401c-98e7-3a8fe37d8baa,1746606993562699294
92dd4baf-ea37-401c-98e7-3a8fe37d8baa,1746606993596042294
92dd4baf-ea37-401c-98e7-3a8fe37d8baa,1746606993629384294
92dd4baf-ea37-401c-98e7-3a8fe37d8baa,1746606993662727294
92dd4baf-ea37-401c-98e7-3a8fe37d8baa,1746606993696069294
92dd4baf-ea37-401c-98e7-3a8fe37d8baa,1746606993729412294
92dd4baf-ea37-401c-98e7-3a8fe37d8baa,1746606993762754294
92dd4baf-ea37-401c-98e7-3a8fe37d8baa,1746606993796096294
92dd4baf-ea37-401c-98e7-3a8fe37d8baa,1746606993829439294
92dd4baf-ea37-401c-98e7-3a8fe37d8baa,1746606993862781294
92dd4baf-ea37-401c-98e7-3a8fe37d8baa,1746606993896124294
92dd4baf-ea37-401c-98e7-3a8fe37d8baa,1746606993929466294
92dd4baf-ea37-401c-98e7-3a8fe37d8baa,1746606993962809294
92dd4baf-ea37-401c-98e7-3a8fe37d8baa,1746606993996151294
92dd4baf-ea37-401c-98e7-3a8fe37d8baa,1746606994029494294
92dd4baf-ea37-401c-98e7-3a8fe37d8baa,1746606994062836294
92dd4baf-ea37-401c-98e7-3a8fe37d8baa,1746606994096178294
92dd4baf-ea37-401c-98e7-3a8fe37d8baa,1746606994129521294
92dd4baf-ea37-401c-98e7-3a8fe37d8baa,1746606994162863294
92dd4baf-ea37-401c-98e7-3a8fe37d8baa,1746606994196206294
92dd4baf-ea37-401c-98e7-3a8fe37d8baa,1746606994229548294
92dd4baf-ea37-401c-98e7-3a8fe37d8baa,1746606994262891294
